,Name,Profession,Degree,Field,Institution,Graduation Year,Country,University Global Ranking,GPA (or Equivalent),Scholarship/Award
0,Elon Musk,Entrepreneur,Bachelor of Science,Physics & Economics,University of Pennsylvania,1997,USA,13,3.7,Dean’s List
1,Bill Gates,Entrepreneur,Dropped Out,computer science,Harvard University,1975,USA,5,,Dean’s List
2,Sundar Pichai,Tech Executive,Master of Science,Material Sciences and Engineering,Stanford University,1995,USA,3,3.8,Fellowship in Engineering
3,Sheryl Sandberg,Tech Executive,Master of Business Administration,Business Administration,Harvard Business School,1995,USA,2,3.9,Hoover Fellowship
4,Jeff Bezos,Entrepreneur,Bachelor of Science,Computer Science and Electrical Engineering,Princeton University,1986,USA,16,3.6,Marquis Scholar
5,Indra Nooyi,Business Leader,Master of Business Administration,Management,Yale School of Management,1980,USA,11,3.7,Scholarship Winner
6,Oprah Winfrey,Media Executive,Honorary Doctorate,speech communications and performing arts,Tennessee State University,1987,USA,,,Honorary Award
7,Satya Nadella,Tech Executive,Master of Science,Computer Science,University of Wisconsin–Milwaukee,1990,USA,301–350,3.5,Academic Excellence Award
8,Malala Yousafzai,Activist,Undergraduate Studies,Philosophy,University of Oxford,2021,UK,4,,Nobel Peace Prize
9,Mark Zuckerberg,Entrepreneur,Dropped Out,computer science and psychology,Harvard University,,USA,5,,
10,Marie Curie,Scientist,Doctor of Philosophy,Physics,University of Paris,1903,France,35,,Nobel Fellowship
11,Barack Obama,Politician,Juris Doctor,Law,Harvard Law School,1991,USA,2,3.1,Harvard Law Review Editor
12,Tim Cook,Tech Executive,Master of Business Administration,Business Administration,Fuqua School of Business (Duke University),1988,USA,26,3.8,Fuqua Scholar
13,Serena Williams,Athlete,Bachelor of Science,Business Administration,University of California,2021,USA,40,3.6,Student-Athlete Academic Award
14,Sergey Brin,Entrepreneur,Master of Science,Computer Science,Stanford University,1995,USA,3,3.9,National Science Foundation Fellowship
15,Larry Page,Entrepreneur,Master of Science,Computer Engineering,Stanford University,1995,USA,3,3.9,NSF Graduate Fellowship
16,Angela Merkel,Politician,Doctor of Philosophy,Physical Chemistry,University of Leipzig,1986,Germany,231–240,,DAAD Scholarship
17,Malcolm Gladwell,Author,Master of Arts,Sociology,University of Toronto,1987,Canada,26,3.7,Trudeau Foundation Scholar
18,Emma Watson,Actor,Bachelor of Arts,English Literature,Brown University,2014,USA,14,3.5,Rhodes Scholar Finalist
19,Leonardo DiCaprio,Actor,High School,General,Los Angeles Center for Enriched Studies,1992,USA,,,Academy Award Winner
20,Michelle Obama,Lawyer/Author,Juris Doctor,Law,Harvard Law School,1988,USA,2,3.7,Magna Cum Laude
21,Stephen Hawking,Physicist,PhD,Physics,Cambridge University,1966,UK,3,,Nobel Prize Physics
22,J.K. Rowling,Author,Bachelor,French/Classics,University of Exeter,1986,UK,161,02:02:00,Honorary Degree
23,Morgan Freeman,Actor,,Drama,Los Angeles City College,,USA,,,Kennedy Center Honor
24,Kamala Harris,Politician,Juris Doctor,Law,UC Hastings,1989,USA,62,,Alpha Kappa Alpha
25,Jack Ma,Tech CEO,Bachelor,English,Hangzhou Normal University,1988,China,,3.6,Honorary PhD
26,Marissa Mayer,Tech Executive,Master,Computer Science,Stanford University,1999,USA,4,3.9,National Merit Scholar
27,Neil deGrasse Tyson,Astrophysicist,PhD,Astrophysics,Columbia University,1991,USA,7,3.9,NASA Fellowship
28,Melinda Gates,Philanthropist,MBA,Business,Duke University,1987,USA,23,3.8,Fuqua Scholar
29,Richard Branson,Business Executive,High School,,Stowe School,1968,UK,,,Honorary Degree
30,Susan Wojcicki,Tech CEO,Master,Economics,UC Santa Cruz,1993,USA,58,3.9,Phi Beta Kappa
31,Yo-Yo Ma,Musician,Bachelor,Liberal Arts,Harvard University,1976,USA,3,3.8,Presidential Medal of Freedom
32,Reed Hastings,Tech CEO,Master,Computer Science,Stanford University,1988,USA,4,3.7,Fulbright Scholar
33,MacKenzie Scott,Author/Philanthropist,Bachelor,English,Princeton University,1992,USA,6,3.9,Toni Morrison Thesis Prize
34,Jensen Huang,Tech CEO,Master,Electrical Engineering,Stanford University,1992,USA,4,3.8,Outstanding Graduate
35,Ursula von der Leyen,Politician,PhD,Medicine,Hannover Medical School,1991,Germany,122,,Research Excellence Award
36,Bob Iger,Media Executive,Bachelor,Television & Radio,Ithaca College,1973,USA,,3.6,Honorary Degree
37,Reshma Saujani,Nonprofit Executive,Juris Doctor,Law,Yale Law School,2002,USA,1,3.8,Paul & Daisy Soros Fellow
38,Sal Khan,Education Executive,Master/MBA,Engineering/Business,MIT/Harvard,2003,USA,1,4.0,Presidential Scholar
39,Padma Lakshmi,TV Host/Author,Bachelor,Theatre Arts,Clark University,1992,USA,,3.7,Fulbright Scholarship
40,Hamdi Ulukaya,Business Executive,MBA,Business,SUNY Albany,1997,USA,,3.6,Ernst & Young Award
41,Mary Barra,Business Executive,MBA,Business,Stanford University,1990,USA,4,3.9,GM Fellowship
42,Ken Jeong,Actor/Comedian,MD,Medicine,UNC Chapel Hill,1995,USA,28,3.9,Internal Medicine Award
43,Andrea Jung,Business Executive,Bachelor,English Literature,Princeton University,1979,USA,6,,Princeton Scholar
44,John Legend,Musician,Bachelor,English,University of Pennsylvania,1999,USA,8,3.9,University Scholar
45,Anne Wojcicki,Tech CEO,Bachelor,Biology,Yale University,1996,USA,3,3.8,Research Excellence Award
46,Fareed Zakaria,Journalist,PhD,Political Science,Harvard University,1993,USA,3,,Phi Beta Kappa
47,Mindy Kaling,Actor/Writer,Bachelor,Playwriting,Dartmouth College,2001,USA,12,3.7,Eleanor Frost Prize
48,Kumail Nanjiani,Actor/Comedian,Bachelor,Computer Science/Philosophy,Grinnell College,2001,USA,,3.6,Comedy Award
49,Ava DuVernay,Film Director,Bachelor,English/African American Studies,UCLA,1995,USA,15,3.7,Directors Guild Award
50,Tan France,TV Host/Designer,Bachelor,Fashion Management,Doncaster College,2000,UK,,,Fashion Excellence Award
51,Chimamanda Adichie,Author,Master,Creative Writing,Johns Hopkins University,2003,USA,10,3.9,MacArthur Fellowship
52,Trevor Noah,Comedian,,,,,South Africa,,,Emmy Award Winner
53,Reshma Shetty,Actor/Singer,Master,Music,University of Kentucky,2003,USA,,3.8,Opera Excellence Award
54,Dax Shepard,Actor/Podcaster,Bachelor,Anthropology,UCLA,1997,USA,15,3.6,Comedy Award
55,Mayim Bialik,Actor/Scientist,PhD,Neuroscience,UCLA,2007,USA,15,4.0,Neuroscience Fellow
56,Andy Samberg,Comedian/Actor,Bachelor,Experimental Film,NYU Tisch,2000,USA,27,3.7,Comedy Award
57,Natalie Portman,Actor,Bachelor,Psychology,Harvard University,2003,USA,3,3.9,Research Award
58,Warren Buffett,Investor,Master,Economics,Columbia University,1951,USA,7,3.9,
59,Larry Ellison,Entrepreneur,Dropout,Computer Science,University of Chicago,,USA,10,,
60,Michael Dell,Entrepreneur,Dropout,Biology,University of Texas,,USA,43,,
61,Steve Ballmer,Entrepreneur,Bachelor,Mathematics,Harvard University,1977,USA,3,3.8,Academic Excellence
62,Phil Knight,Entrepreneur,MBA,Business,Stanford University,1962,USA,2,3.7,
63,Michael Bloomberg,Entrepreneur,MBA,Business,Harvard University,1966,USA,3,3.8,Merit Award
64,Charles Koch,Entrepreneur,Master,Engineering,MIT,1963,USA,1,3.9,Research Grant
65,David Koch,Entrepreneur,Master,Engineering,MIT,1963,USA,1,3.9,Research Grant
66,Jim Walton,Business,Bachelor,Business Administration,University of Arkansas,1971,USA,597,3.5,
67,Mukesh Ambani,Entrepreneur,MBA,Business,Stanford University,1980,USA,2,3.8,Merit Scholarship
68,Gautam Adani,Entrepreneur,Dropout,Commerce,Gujarat University,,India,,,
69,Bernard Arnault,Entrepreneur,Engineering,Engineering,École Polytechnique,1971,France,60,3.9,Academic Excellence
70,Carlos Slim,Entrepreneur,Bachelor,Engineering,UNAM,1961,Mexico,122,3.8,Academic Merit
71,Francoise Meyers,Business,Bachelor,Business,University of Paris,1975,France,65,3.7,
72,Larry Fink,Finance,MBA,Business,UCLA,1976,USA,15,3.9,Academic Excellence
73,Stephen Schwarzman,Finance,MBA,Business,Harvard University,1972,USA,3,3.9,Merit Award
74,Jim Simons,Finance,PhD,Mathematics,UC Berkeley,1962,USA,4,4.0,Research Fellowship
75,Len Blavatnik,Entrepreneur,Master,Computer Science,Columbia University,1981,USA,7,3.9,Merit Scholarship
76,Jacqueline Mars,Business,Bachelor,Anthropology,Bryn Mawr College,1961,USA,27,3.7,
77,Gina Rinehart,Business,Dropout,Economics,University of Sydney,,Australia,,,
78,Shiv Nadar,Entrepreneur,Engineering,Electrical Engineering,PSG College of Technology,1967,India,,3.8,Merit Scholarship
79,Klaus Schwab,Business,PhD,Economics,University of Fribourg,1967,Switzerland,,4.0,Research Grant
80,Giorgio Armani,Fashion,Dropout,Medicine,University of Milan,,Italy,,,
81,Masayoshi Son,Entrepreneur,Bachelor,Economics,UC Berkeley,1980,USA,4,3.8,Merit Scholarship
82,Zhang Yiming,Entrepreneur,Bachelor,Software Engineering,Nankai University,2005,China,,3.9,Academic Excellence
83,Robin Li,Entrepreneur,Master,Computer Science,SUNY Buffalo,1994,USA,89,4.0,Research Grant
84,Lei Jun,Entrepreneur,Bachelor,Computer Science,Wuhan University,1991,China,,3.8,Merit Award
85,Richard Liu,Entrepreneur,Bachelor,Sociology,Renmin University,1996,China,,3.7,
86,Pony Ma,Entrepreneur,Bachelor,Computer Science,Shenzhen University,1993,China,,3.8,Merit Award
87,Colin Huang,Entrepreneur,Master,Computer Science,University of Wisconsin,2004,USA,28,4.0,Research Fellowship
88,William Ding,Entrepreneur,Bachelor,Computer Science,University of Electronic Science,1993,China,,3.9,Academic Excellence
89,Wang Xing,Entrepreneur,Master,Computer Science,University of Delaware,2005,USA,137,3.9,Merit Scholarship
90,Tadashi Yanai,Fashion,Bachelor,Economics,Waseda University,1971,Japan,,3.6,
91,Takemitsu Takizaki,Entrepreneur,Bachelor,Engineering,Osaka Institute of Technology,1965,Japan,,3.7,Merit Award
92,Qin Yinglin,Business,Master,Animal Science,China Agricultural University,1995,China,,3.8,Research Grant
93,He Xiangjian,Entrepreneur,No Degree,,,,China,,,
94,Lu Xiangyang,Entrepreneur,Bachelor,Engineering,South China University,1983,China,,3.7,
95,Zhang Jindong,Business,Bachelor,Management,Nanjing University,1995,China,,3.6,
96,Zhou Yahui,Entrepreneur,Bachelor,mechanical engineering,Tsinghua University,1999 ,China,,3.7,
97,Carlos Slim Helu,Business,Bachelor,Engineering,Universidad Nacional Autonoma de Mexico,1961,Mexico,122,3.8,
98,Alice Walton,Business,Bachelor,Economics,Trinity College,1971,USA,3,3.7,
99,Francoise Bettencourt Meyers,Business,Bachelor,Philosophy,University of Paris,1975,France,35,3.8,
100,Zhong Shanshan,Business,Bachelor,Medicine,Hangzhou Normal University,1982,China,,3.6,
101,Mark Mateschitz,Business,Bachelor,Economics,Fachhochschule Salzburg,2018,Austria,,3.8,
102,Ken Griffin,Finance,Bachelor,Economics,Harvard University,1989,USA,3,3.8,
103,Eduardo Saverin,Entrepreneur,Bachelor,Economics,Harvard University,2006,USA,3,3.7,
104,Vagit Alekperov,Business,Bachelor,Engineering,Azarbayjan State Oil Academy,1975,Azerbaijan,,3.6,
105,Stefan Quandt,Business,Bachelor,Engineering,Technical University of Darmstadt,1994,Germany,,3.7,
106,Susanne Klatten,Business,Bachelor,Economics,Technical University of Munich,1993,Germany,,3.8,
107,Cyrus Poonawalla,Business,Bachelor,Pharmacy,University of Pune,1966,India,,3.7,
108,Eyal Ofer,Business,Bachelor,Maritime Law,University of London,1970,Israel,,,N/A	
109,Changpeng Zhao,Entrepreneur,Bachelor,Software Engineer,McGill University,1997,China,30,,N/A	
110,Thomas Peterffy,Entrepreneur,,,,USA(residence)/ Hungary (origin),,,,
111,Jeff Yass,Entrepreneur,Bachelor,Mathematics & Economics,Binghamton University,1979,USA,1200,,
112,Ma Huateng,Business,Bachelor,Computer Science,Shenzhen University,1993,China,801,,
113,Dieter Schwarz,Business,,,,,Germany,,,N/A	
114,Alain Wertheimer,Businessman (Co-owner of Chanel),,,,,France,,,
115,Andrea Pignataro,Business,Bachelor,Financier,,,Italy/UK,,,
116,Melinda French Gates,Philanthropist,MBA and BA,Computer Science and Economics,Duke University,1986, USA,,,Duke University Distinguished Alumna Award
117,Vladimir Potanin,Business,Specialist Degree,International Economic Relations,Moscow State Institute of International Relations (MGIMO),1983,Russia,366,,French Legion of Honour
118,Prajogo Pangestu,Business,,,,,Indonesia,,,
119,Henry Samueli,Engineer and Businessman,Ph.D.,Electrical Engineering,University of California,1980,USA,46,,National Medal of Technology and Innovation (2011)
120,Eric Schmidt,Businessman and Software Engineer,Ph.D.,Electrical Engineering and Computer Science,University of California,1982,USA,10,,National Academy of Engineering Member/ Marconi Prize (2012)
121,Daniel Gilbert,Psychologist,Ph.D.,Psychology,Yale University,1984,USA,14,,American Psychological Association Distinguished Scientific Contributions Award
122,Aliko Dangote,Business,Bachelor's Degree,Business Administration,Al-Azhar University,1977,Nigeria,,,
123,Gennady Timchenko,Business,,,,,Indonesia,,,
124,Idan Ofer,Business,Bachelor's Degree,Economics and Management,London School of Economics,1987,United Kingdom,49,,
125,Albert Einstein,Theoretical Physicist,Doctor of Philosophy,Physics,University of Zurich,1905,Switzerland,58,,Nobel Prize in Physics 1921
126,Richard Feynman,Physicist,Doctor of Philosophy,Physics,Princeton University,1942,USA,16,,Nobel Prize in Physics 1965
127,James Watson,Molecular Biologist,Doctor of Philosophy,Zoology,Indiana University,1950,USA,301-350,,Nobel Prize in Physiology 1962
128,Francis Crick,Molecular Biologist,Doctor of Philosophy,Physics,University College London,1954,UK,9,,Nobel Prize in Physiology 1962
129,Rosalind Franklin,Chemist,Doctor of Philosophy,Physical Chemistry,University of Cambridge,1945,UK,4,,Research Fellow
130,Linus Pauling,Chemist,Doctor of Philosophy,Chemistry,California Institute of Technology,1925,USA,7,,Nobel Prize in Chemistry 1954
131,Dorothy Hodgkin,Chemist,Doctor of Philosophy,Chemistry,University of Cambridge,1937,UK,4,,Nobel Prize in Chemistry 1964
132,Barbara McClintock,Geneticist,Doctor of Philosophy,Botany,Cornell University,1927,USA,21,,Nobel Prize in Physiology 1983
133,Carl Sagan,Astronomer,Doctor of Philosophy,Astronomy and Astrophysics,University of Chicago,1960,USA,10,,Pulitzer Prize
134,Jane Goodall,Primatologist,Doctor of Philosophy,Ethology,University of Cambridge,1965,UK,4,,UN Messenger of Peace
135,Steve Jobs,Entrepreneur,Dropped Out,Liberal Arts,Reed College,1972,USA,,,National Medal of Technology
136,Jack Dorsey,Tech Entrepreneur,Dropped Out,Computer Science,New York University,1997,USA,38,,Innovator Under 35
137,Jan Koum,Tech Entrepreneur,Dropped Out,Computer Science,San Jose State University,1997,USA,,,Technology Pioneer
138,Travis Kalanick,Entrepreneur,Dropped Out,Computer Engineering,University of California Los Angeles,1998,USA,14,,Time 100
139,Brian Chesky,Tech Entrepreneur,Bachelor of Fine Arts,Industrial Design,Rhode Island School of Design,2004,USA,,3.6,Presidential Ambassador
140,Drew Houston,Tech Entrepreneur,Bachelor of Science,Computer Science,Massachusetts Institute of Technology,2005,USA,1,,Forbes 30 Under 30
141,Evan Spiegel,Tech Entrepreneur,Bachelor of Science,Product Design,Stanford University,2012,USA,3,,Youngest Billionaire
142,Whitney Wolfe Herd,Tech Entrepreneur,Bachelor of Arts,International Studies,Southern Methodist University,2011,USA,,3.5,Forbes 30 Under 30
143,Howard Schultz,Business Leader,Bachelor of Science,Communications,Northern Michigan University,1975,USA,,,Business Leader Award
144,Ginni Rometty,Tech Executive,Bachelor of Science,Computer Science,Northwestern University,1979,USA,27,3.7,General Motors Scholarship
145,Doug McMillon,Business Executive,Master of Business Administration,Business Administration,University of Tulsa,1991,USA,,3.6,Dean's List
146,Brian Moynihan,Banking Executive,Juris Doctor,Law,University of Notre Dame,1984,USA,227,,Law Review Editor
147,Jamie Dimon,Banking Executive,Master of Business Administration,Business Administration,Harvard Business School,1982,USA,2,,Baker Scholar
148,Lloyd Blankfein,Banking Executive,Bachelor of Arts,History,Harvard University,1975,USA,5,,Cum Laude
149,Ruth Porat,Business Executive,Master of Business Administration,Finance,Wharton School,1987,USA,13,3.9,Palmer Scholar
150,Rosalind Brewer,Business Executive,Bachelor of Science,Chemistry,Spelman College,1984,USA,,3.5,Dean's Award
151,John F Kennedy,Politician,Bachelor of Arts,Government,Harvard University,1940,USA,5,,Cum Laude
152,Bill Clinton,Politician,Bachelor of Science,Foreign Service,Georgetown University,1968,USA,231,,Rhodes Scholar
153,Hillary Clinton,Politician,Juris Doctor,Law,Yale Law School,1973,USA,11,,Yale Review Editor
154,George W Bush,Politician,Master of Business Administration,Business Administration,Harvard Business School,1975,USA,2,,Alumni
155,Ronald Reagan,Politician,Bachelor of Arts,Economics and Sociology,Eureka College,1932,USA,,,Athletic Scholarship
156,Jimmy Carter,Politician,Bachelor of Science,Nuclear Physics,United States Naval Academy,1946,USA,,3.9,Nobel Peace Prize 2002
157,Margaret Thatcher,Politician,Bachelor of Science,Chemistry,University of Oxford,1947,UK,4,,Prime Minister
158,Tony Blair,Politician,Bachelor of Arts,Law,University of Oxford,1975,UK,4,,Prime Minister
159,Emmanuel Macron,Politician,Master's Degree,Public Affairs,Sciences Po Paris,2001,France,,,ENA Graduate
160,Justin Trudeau,Politician,Bachelor of Arts,Literature,McGill University,1994,Canada,31,,Prime Minister
161,Neil Armstrong,Astronaut,Bachelor of Science,Aeronautical Engineering,Purdue University,1955,USA,99,,Holloway Scholarship
162,Sally Ride,Astronaut,Doctor of Philosophy,Physics,Stanford University,1978,USA,3,,First American Woman in Space
163,Mae Jemison,Astronaut,Doctor of Medicine,Medicine,Cornell University,1981,USA,21,3.8,First African American Woman in Space
164,Buzz Aldrin,Astronaut,Doctor of Philosophy,Astronautics,Massachusetts Institute of Technology,1963,USA,1,,Presidential Medal of Freedom
165,Stephen Jay Gould,Paleontologist,Doctor of Philosophy,Paleontology,Columbia University,1967,USA,19,,MacArthur Fellow
166,Rachel Carson,Marine Biologist,Master of Arts,Marine Biology,Johns Hopkins University,1932,USA,28,,Environmental Pioneer
167,Jonas Salk,Virologist,Doctor of Medicine,Medicine,New York University,1939,USA,38,,Congressional Gold Medal
168,Craig Venter,Geneticist,Doctor of Philosophy,Physiology,University of California San Diego,1975,USA,18,,National Medal of Science
169,Jennifer Doudna,Biochemist,Doctor of Philosophy,Biological Chemistry,Harvard University,1989,USA,5,,Nobel Prize in Chemistry 2020
170,Emmanuelle Charpentier,Microbiologist,Doctor of Philosophy,Microbiology,Pasteur Institute,1995,France,,,Nobel Prize in Chemistry 2020
171,Michael Jordan,Athlete,Bachelor of Arts,Cultural Geography,University of North Carolina,1986,USA,29,,Athletic Scholarship
172,LeBron James,Athlete,High School Graduate,,St Vincent St Mary High School,2003,USA,,,4x NBA Champion
173,Kobe Bryant,Athlete,High School Graduate,,Lower Merion High School,1996,USA,,,5x NBA Champion
174,Tom Brady,Athlete,Bachelor of Arts,General Studies,University of Michigan,1999,USA,24,3.3,7x Super Bowl Champion
175,Peyton Manning,Athlete,Bachelor of Arts,Speech Communication,University of Tennessee,1997,USA,146,3.6,2x Super Bowl Champion
176,Tiger Woods,Athlete,Dropped Out,Economics,Stanford University,1996,USA,3,,15x Major Champion
177,Roger Federer,Athlete,Did Not Attend,,,,Switzerland,,,20x Grand Slam Champion
178,Simone Biles,Athlete,Pursuing,Business Administration,University of the People,2025,USA,,,7x Olympic Gold Medalist
179,Usain Bolt,Athlete,Did Not Attend,,,,Jamaica,,,8x Olympic Gold Medalist
180,Megan Rapinoe,Athlete,Attended,,University of Portland,2008,USA,,,2x World Cup Champion
181,Ernest Hemingway,Author,Did Not Attend,,,,USA,,,Nobel Prize in Literature 1954
182,F Scott Fitzgerald,Author,Dropped Out,Literature,Princeton University,1917,USA,16,,Great American Novelist
183,Toni Morrison,Author,Master of Arts,English,Cornell University,1955,USA,21,,Nobel Prize in Literature 1993
184,Maya Angelou,Author,Did Not Complete,,Various High Schools,1945,USA,,,Presidential Medal of Freedom
185,Stephen King,Author,Bachelor of Arts,English,University of Maine,1970,USA,,,National Medal of Arts
186,John Grisham,Author,Juris Doctor,Law,University of Mississippi,1981,USA,,,Bestselling Author
187,Dan Brown,Author,Bachelor of Arts,English,Amherst College,1986,USA,,,Bestselling Author
188,Margaret Atwood,Author,Master of Arts,English Literature,Radcliffe College,1962,USA,,,Booker Prize
189,Haruki Murakami,Author,Bachelor of Arts,Drama,Waseda University,1975,Japan,199,,Franz Kafka Prize
190,Chimamanda Ngozi Adichie,Author,Master of Arts,African Studies,Yale University,2008,USA,11,,MacArthur Fellow
191,Pablo Picasso,Artist,Art School,Fine Arts,Royal Academy of San Fernando,1897,Spain,,,Revolutionary Artist
192,Andy Warhol,Artist,Bachelor of Fine Arts,Pictorial Design,Carnegie Institute of Technology,1949,USA,,,Pop Art Pioneer
193,Frida Kahlo,Artist,Medical Studies Incomplete,Medicine,National Preparatory School,1925,Mexico,,,Iconic Artist
194,Georgia O'Keeffe,Artist,Art Studies,Fine Arts,Art Institute of Chicago,1908,USA,,,Modernist Pioneer
195,Ludwig van Beethoven,Composer,Court Musician Training,Music,Court of Bonn,1792,Germany,,,Classical Master
196,Wolfgang Amadeus Mozart,Composer,Private Tutoring,Music,Home Education,,Austria,,,Musical Prodigy
197,Lady Gaga,Musician,Attended,Music,New York University Tisch School,2005,USA,38,,Grammy Winner
198,Taylor Swift,Musician,Honorary Doctorate,Fine Arts,New York University,2022,USA,38,,Grammy Winner
199,Beyoncé,Musician,High School Graduate,,Alief Elsik High School,2000,USA,,,32x Grammy Winner
200,Reid Hoffman,Tech Entrepreneur,Master of Arts,Philosophy,University of Oxford,1993,UK,4,,Rhodes Scholar
201,Peter Thiel,Tech Entrepreneur,Juris Doctor,Law,Stanford Law School,1992,USA,3,,PayPal Mafia
202,Patrick Collison,Tech Entrepreneur,Dropped Out,Physics,Massachusetts Institute of Technology,2009,USA,1,,Thiel Fellow
203,John Collison,Tech Entrepreneur,Dropped Out,Computer Science,Harvard University,2011,USA,5,,Youngest Self-Made Billionaire
204,Kevin Systrom,Tech Entrepreneur,Bachelor of Science,Management Science and Engineering,Stanford University,2006,USA,3,,Instagram Founder
205,Mike Krieger,Tech Entrepreneur,Master of Science,Symbolic Systems,Stanford University,2008,USA,3,,Instagram Co-founder
206,Daniel Ek,Tech Entrepreneur,Dropped Out,Engineering,Royal Institute of Technology,2006,Sweden,98,,Spotify Founder
207,Ada Lovelace,Mathematician,Private Tutoring,Mathematics,Home Education,,UK,,,First Computer Programmer
208,Alan Turing,Mathematician,Doctor of Philosophy,Mathematics,Princeton University,1938,USA,16,,Turing Award Namesake
209,Grace Hopper,Computer Scientist,Doctor of Philosophy,Mathematics,Yale University,1934,USA,11,,Presidential Medal of Freedom
210,Katherine Johnson,Mathematician,Bachelor of Science,Mathematics and French,West Virginia State College,1937,USA,,Summa Cum Laude,Presidential Medal of Freedom
211,John Nash,Mathematician,Doctor of Philosophy,Mathematics,Princeton University,1950,USA,16,,Nobel Prize in Economics 1994
212,Andrew Wiles,Mathematician,Doctor of Philosophy,Mathematics,University of Cambridge,1980,UK,4,,Abel Prize
213,Terence Tao,Mathematician,Doctor of Philosophy,Mathematics,Princeton University,1996,USA,16,,Fields Medal
214,Maryam Mirzakhani,Mathematician,Doctor of Philosophy,Mathematics,Harvard University,2004,USA,5,,Fields Medal 2014
215,Freeman Dyson,Physicist,Bachelor of Arts,Mathematics,University of Cambridge,1945,UK,4,,Templeton Prize
216,Murray Gell-Mann,Physicist,Doctor of Philosophy,Physics,Massachusetts Institute of Technology,1951,USA,1,,Nobel Prize in Physics 1969
217,Sheryl Palmer,Business Executive,Bachelor of Science,Business Administration,Texas Christian University,1983,USA,,3.5,Fortune Most Powerful Women
218,Safra Catz,Tech Executive,Juris Doctor,Law,University of Pennsylvania,1986,USA,13,,Highest Paid Female CEO
219,Ted Sarandos,Media Executive,Did Not Complete,,Community College,,USA,,,Netflix Co-CEO
220,Marc Benioff,Tech Entrepreneur,Bachelor of Science,Business Administration,University of Southern California,1986,USA,28,3.6,Salesforce Founder
221,Ray Dalio,Investor,Master of Business Administration,Finance,Harvard Business School,1973,USA,2,,Bridgewater Founder
222,Carl Icahn,Investor,Bachelor of Arts,Philosophy,Princeton University,1957,USA,16,,Activist Investor
223,George Soros,Investor,Doctor of Philosophy,Philosophy,London School of Economics,1954,UK,45,,Philanthropist
224,Steven Spielberg,Film Director,Bachelor of Arts,Film Production,California State University Long Beach,2002,USA,,,3x Oscar Winner
225,Martin Scorsese,Film Director,Master of Fine Arts,Film,New York University,1968,USA,38,,Oscar Winner
226,Quentin Tarantino,Film Director,High School Graduate,,Narbonne High School,1984,USA,,,2x Oscar Winner
227,Christopher Nolan,Film Director,Bachelor of Arts,English Literature,University College London,1993,UK,9,,Oscar Winner
228,Kathryn Bigelow,Film Director,Master of Fine Arts,Film,Columbia University,1979,USA,19,,First Woman Oscar Director
229,Spike Lee,Film Director,Master of Fine Arts,Film Production,New York University,1982,USA,38,,Honorary Oscar
230,Greta Gerwig,Film Director,Bachelor of Arts,English and Philosophy,Barnard College,2006,USA,,,Oscar Nominated Director
231,Jordan Peele,Film Director,Attended,Directing,Sarah Lawrence College,2001,USA,,,Oscar Winner
232,Denis Villeneuve,Film Director,Bachelor's Degree,Communications,Université du Québec à Montréal,1990,Canada,,,Oscar Nominated
233,Anderson Cooper,Journalist,Bachelor of Arts,Political Science,Yale University,1989,USA,11,,Peabody Award
234,Rachel Maddow,Journalist,Doctor of Philosophy,Politics,University of Oxford,2001,UK,4,,Rhodes Scholar
235,Christiane Amanpour,Journalist,Bachelor of Arts,Journalism,University of Rhode Island,1983,USA,,Summa Cum Laude,Peabody Award
236,Bob Woodward,Journalist,Bachelor of Arts,History and English,Yale University,1965,USA,11,,Pulitzer Prize
237,Carl Bernstein,Journalist,Dropped Out,,University of Maryland,1961,USA,51,,Pulitzer Prize
238,Katie Couric,Journalist,Bachelor of Arts,American Studies,University of Virginia,1979,USA,25,,Edward R Murrow Award
239,Wolf Blitzer,Journalist,Master of Arts,International Relations,Johns Hopkins University,1972,USA,28,,Emmy Award
240,Lester Holt,Journalist,Attended,Government,California State University,1982,USA,,,Edward R Murrow Award
241,Norah O'Donnell,Journalist,Bachelor of Arts,Philosophy,Georgetown University,1995,USA,231,,Emmy Award
242,Jake Tapper,Journalist,Bachelor of Arts,History,Dartmouth College,1991,USA,11,Magna Cum Laude,Emmy Award
243,Coco Chanel,Fashion Designer,Convent Education,Sewing,Aubazine Abbey,1901,France,,,Fashion Icon
244,Ralph Lauren,Fashion Designer,Attended,Business,Baruch College,1964,USA,,,CFDA Lifetime Achievement
245,Vera Wang,Fashion Designer,Bachelor of Arts,Art History,Sarah Lawrence College,1971,USA,,,CFDA Award
246,Tom Ford,Fashion Designer,Bachelor of Fine Arts,Architecture,Parsons School of Design,1986,USA,,,CFDA Award
247,Diane von Furstenberg,Fashion Designer,Bachelor's Degree,Economics,University of Geneva,1969,Switzerland,,,CFDA President
248,Marc Jacobs,Fashion Designer,Bachelor of Fine Arts,Fashion Design,Parsons School of Design,1984,USA,,,CFDA Award
249,Alexander McQueen,Fashion Designer,Master of Arts,Fashion,Central Saint Martins,1992,UK,,,British Designer of the Year
250,Miuccia Prada,Fashion Designer,Doctor of Philosophy,Political Science,University of Milan,1973,Italy,,,Fashion Legend
251,Christian Dior,Fashion Designer,Attended,Political Science,Sciences Po Paris,1928,France,,,Fashion Icon
252,Martin Luther King Jr,Civil Rights Leader,Doctor of Philosophy,Systematic Theology,Boston University,1955,USA,43,,Nobel Peace Prize 1964
253,Nelson Mandela,Political Leader,Bachelor of Laws,Law,University of South Africa,1989,South Africa,,,Nobel Peace Prize 1993
254,Mahatma Gandhi,Political Leader,Bachelor of Laws,Law,University College London,1891,UK,9,,Father of Indian Nation
255,Desmond Tutu,Religious Leader,Master of Theology,Theology,King's College London,1966,UK,35,,Nobel Peace Prize 1984
256,Cesar Chavez,Labor Leader,8th Grade Education,,,1942,USA,,,Presidential Medal of Freedom
257,Rosa Parks,Civil Rights Activist,High School Diploma,,Alabama State Teachers College,1933,USA,,,Congressional Gold Medal
258,Greta Thunberg,Climate Activist,High School Student,,Ongoing Education,2023,Sweden,,,Time Person of the Year 2019
259,Wangari Maathai,Environmental Activist,Doctor of Philosophy,Veterinary Anatomy,University of Nairobi,1971,Kenya,,,Nobel Peace Prize 2004
260,Betty Friedan,Feminist,Bachelor of Arts,Psychology,Smith College,1942,USA,,Summa Cum Laude,Feminist Pioneer
261,Gloria Steinem,Feminist,Bachelor of Arts,Government,Smith College,1956,USA,,Magna Cum Laude,Presidential Medal of Freedom
262,Kofi Annan,Diplomat,Master of Science,Management,Massachusetts Institute of Technology,1972,USA,1,,Nobel Peace Prize 2001
263,Aung San Suu Kyi,Political Leader,Bachelor of Arts,Philosophy Politics Economics,University of Oxford,1967,UK,4,,Nobel Peace Prize 1991
264,Shirin Ebadi,Lawyer,Doctor of Jurisprudence,Law,University of Tehran,1969,Iran,,,Nobel Peace Prize 2003
265,Muhammad Yunus,Economist,Doctor of Philosophy,Economics,Vanderbilt University,1969,USA,18,,Nobel Peace Prize 2006
266,Paul Krugman,Economist,Doctor of Philosophy,Economics,Massachusetts Institute of Technology,1977,USA,1,,Nobel Prize in Economics 2008
267,Joseph Stiglitz,Economist,Doctor of Philosophy,Economics,Massachusetts Institute of Technology,1967,USA,1,,Nobel Prize in Economics 2001
268,Amartya Sen,Economist,Doctor of Philosophy,Economics,University of Cambridge,1959,UK,4,,Nobel Prize in Economics 1998
269,Thomas Piketty,Economist,Doctor of Philosophy,Economics,London School of Economics,1993,UK,45,,Capital in 21st Century Author
270,Janet Yellen,Economist,Doctor of Philosophy,Economics,Yale University,1971,USA,11,,First Female Treasury Secretary
271,Gordon Ramsay,Chef,Diploma,Hotel Management,North Oxon Technical College,1987,UK,,,16 Michelin Stars
272,Julia Child,Chef,Bachelor of Arts,History,Smith College,1934,USA,,,Presidential Medal of Freedom
273,Anthony Bourdain,Chef,Associate Degree,Culinary Arts,Culinary Institute of America,1978,USA,,,Emmy Award
274,Wolfgang Puck,Chef,Apprenticeship,Culinary Arts,Hotel de Paris,1973,France,,,James Beard Award
275,Thomas Keller,Chef,Self-Taught,Culinary Arts,Restaurant Training,,USA,,,3 Michelin Stars
276,Muhammad Ali,Athlete,High School Graduate,,Central High School,1960,USA,,,3x World Heavyweight Champion
277,Pelé,Athlete,Did Not Attend,,,,Brazil,,,3x World Cup Champion
278,Lionel Messi,Athlete,Youth Academy,Football,La Masia Barcelona,2004,Spain,,,8x Ballon d'Or
279,Cristiano Ronaldo,Athlete,Youth Academy,Football,Sporting CP Academy,2003,Portugal,,,5x Ballon d'Or
280,Billie Jean King,Athlete,Bachelor of Arts,History,Los Angeles State College,1964,USA,,,39 Grand Slam Titles
281,Xi Jinping,Political Leader,Doctor of Philosophy,Law,Tsinghua University,2002,China,25,,President of China
282,Vladimir Putin,Political Leader,Candidate of Sciences,Economics,Saint Petersburg State University,1997,Russia,242,,President of Russia
283,Narendra Modi,Political Leader,Master of Arts,Political Science,Gujarat University,1983,India,,,Prime Minister of India
284,Jacinda Ardern,Political Leader,Bachelor of Communication Studies,Public Relations and Political Science,University of Waikato,2001,New Zealand,,,Prime Minister of New Zealand
285,Volodymyr Zelensky,Political Leader,Law Degree,Law,Kyiv National Economic University,2000,Ukraine,,,President of Ukraine
286,Joko Widodo,Political Leader,Bachelor of Engineering,Forestry,Gadjah Mada University,1985,Indonesia,254,,President of Indonesia
287,Recep Tayyip Erdogan,Political Leader,Bachelor's Degree,Business Administration,Marmara University,1981,Turkey,,,President of Turkey
288,Boris Johnson,Political Leader,Bachelor of Arts,Classics,University of Oxford,1987,UK,4,,Prime Minister UK
289,Rishi Sunak,Political Leader,Master of Business Administration,Business,Stanford University,2006,USA,3,,Prime Minister UK
290,Benjamin Netanyahu,Political Leader,Master of Science,Business Management,Massachusetts Institute of Technology,1976,USA,1,,Prime Minister Israel
291,Tim Berners-Lee,Computer Scientist,Bachelor of Arts,Physics,University of Oxford,1976,UK,4,,Inventor of World Wide Web
292,Linus Torvalds,Software Engineer,Master of Science,Computer Science,University of Helsinki,1996,Finland,106,,Creator of Linux
293,Vint Cerf,Computer Scientist,Doctor of Philosophy,Computer Science,University of California Los Angeles,1972,USA,14,,Father of Internet
294,Bob Kahn,Computer Scientist,Doctor of Philosophy,Electrical Engineering,Princeton University,1964,USA,16,,Turing Award
295,Dennis Ritchie,Computer Scientist,Doctor of Philosophy,Mathematics,Harvard University,1968,USA,5,,Creator of C Language
296,Ken Thompson,Computer Scientist,Master of Science,Electrical Engineering,University of California Berkeley,1966,USA,10,,Creator of Unix
297,Guido van Rossum,Computer Scientist,Master of Science,Mathematics and Computer Science,University of Amsterdam,1982,Netherlands,53,,Creator of Python
298,Brendan Eich,Computer Scientist,Master of Science,Computer Science,University of Illinois,1986,USA,65,,Creator of JavaScript
299,James Gosling,Computer Scientist,Doctor of Philosophy,Computer Science,Carnegie Mellon University,1983,USA,52,,Creator of Java
300,Bjarne Stroustrup,Computer Scientist,Doctor of Philosophy,Computer Science,University of Cambridge,1979,UK,4,,Creator of C++
301,Frank Lloyd Wright,Architect,Attended,Civil Engineering,University of Wisconsin,1890,USA,,,AIA Gold Medal
302,Zaha Hadid,Architect,Bachelor of Architecture,Architecture,Architectural Association,1977,UK,,,Pritzker Prize 2004
303,I M Pei,Architect,Master of Architecture,Architecture,Harvard University,1946,USA,5,,Pritzker Prize 1983
304,Norman Foster,Architect,Master of Architecture,Architecture,Yale University,1962,USA,11,,Pritzker Prize 1999
305,Rem Koolhaas,Architect,Architecture Degree,Architecture,Architectural Association,1972,UK,,,Pritzker Prize 2000
306,Frank Gehry,Architect,Bachelor of Architecture,Architecture,University of Southern California,1954,USA,28,,Pritzker Prize 1989
307,Tadao Ando,Architect,Self-Taught,Architecture,Autodidact,,Japan,,,Pritzker Prize 1995
308,Renzo Piano,Architect,Architecture Degree,Architecture,Politecnico di Milano,1964,Italy,123,,Pritzker Prize 1998
309,Santiago Calatrava,Architect,Doctor of Technical Sciences,Civil Engineering,ETH Zurich,1981,Switzerland,8,,AIA Gold Medal
310,Jean Nouvel,Architect,Architecture Degree,Architecture,École des Beaux-Arts,1972,France,,,Pritzker Prize 2008
311,Sam Walton,Entrepreneur,Bachelor of Arts,Economics,University of Missouri,1940,USA,,,Walmart Founder
312,Walt Disney,Entrepreneur,High School Graduate,,McKinley High School,1917,USA,,,Disney Founder
313,Henry Ford,Industrialist,Apprenticeship,Engineering,Trade School,1891,USA,,,Ford Motor Founder
314,John D Rockefeller,Industrialist,Business School,Business,Folsom's Commercial College,1855,USA,,,Standard Oil Founder
315,Andrew Carnegie,Industrialist,Elementary Education,,Limited Formal Education,1848,USA,,,Carnegie Steel Founder
316,J P Morgan,Banker,Attended,Art History,University of Göttingen,1856,Germany,,,Banking Pioneer
317,Cornelius Vanderbilt,Business Magnate,No Formal Education,,Self-Educated,,USA,,,Railroad Tycoon
318,Thomas Edison,Inventor,3 months formal schooling,,Home-Schooled,1859,USA,,,1093 US Patents
319,Nikola Tesla,Inventor,Engineering Studies,Electrical Engineering,Austrian Polytechnic,1878,Austria,,,AC Current Pioneer
320,Alexander Graham Bell,Inventor,Bachelor of Arts,Latin and Greek,University College London,1870,UK,9,,Telephone Inventor
321,Isaac Newton,Physicist,Master of Arts,Mathematics,University of Cambridge,1668,UK,4,,Scientific Revolution
322,Galileo Galilei,Astronomer,Medical Studies Incomplete,Medicine,University of Pisa,1585,Italy,,,Father of Modern Science
323,Charles Darwin,Naturalist,Bachelor of Arts,Theology,University of Cambridge,1831,UK,4,,Theory of Evolution
324,Louis Pasteur,Chemist,Doctor of Sciences,Chemistry,University of Paris,1847,France,,,Germ Theory Pioneer
325,Max Planck,Physicist,Doctor of Philosophy,Physics,University of Munich,1879,Germany,59,,Nobel Prize in Physics 1918
326,Niels Bohr,Physicist,Doctor of Philosophy,Physics,University of Copenhagen,1911,Denmark,84,,Nobel Prize in Physics 1922
327,Werner Heisenberg,Physicist,Doctor of Philosophy,Physics,University of Munich,1923,Germany,59,,Nobel Prize in Physics 1932
328,Erwin Schrödinger,Physicist,Doctor of Philosophy,Physics,University of Vienna,1910,Austria,134,,Nobel Prize in Physics 1933
329,Enrico Fermi,Physicist,Doctor of Philosophy,Physics,University of Pisa,1922,Italy,,,Nobel Prize in Physics 1938
330,J Robert Oppenheimer,Physicist,Doctor of Philosophy,Physics,University of Göttingen,1927,Germany,,,Manhattan Project Leader
331,William Shakespeare,Playwright,Grammar School,Latin and Classics,King's New School,1579,England,,,Greatest Writer
332,Jane Austen,Author,Home Education,Literature,Private Tutoring,,England,,,Literary Icon
333,Charles Dickens,Author,Limited Formal Education,,Wellington House Academy,1827,England,,,Victorian Era Master
334,Mark Twain,Author,5th Grade Education,,Apprenticeship,1847,USA,,,American Literary Icon
335,Leo Tolstoy,Author,Attended,Law and Oriental Languages,University of Kazan,1844,Russia,,,War and Peace Author
336,Fyodor Dostoevsky,Author,Military Engineering,Engineering,Military Engineering Institute,1843,Russia,,,Crime and Punishment Author
337,Gabriel García Márquez,Author,Law Studies Incomplete,Law,National University of Colombia,1947,Colombia,,,Nobel Prize in Literature 1982
338,Isabel Allende,Author,Private Education,,Private Schools,1959,Chile,,,Presidential Medal of Freedom
339,Paulo Coelho,Author,Law School Dropout,Law,Law School,1966,Brazil,,,The Alchemist Author
340,Salman Rushdie,Author,Master of Arts,History,King's College Cambridge,1968,UK,4,,Booker Prize
341,Meryl Streep,Actress,Master of Fine Arts,Drama,Yale School of Drama,1975,USA,11,,3x Oscar Winner
342,Tom Hanks,Actor,Attended,Theater,California State University,1977,USA,,,2x Oscar Winner
343,Denzel Washington,Actor,Bachelor of Arts,Drama and Journalism,Fordham University,1977,USA,,,2x Oscar Winner
344,Viola Davis,Actress,Master of Fine Arts,Acting,Juilliard School,1993,USA,,,EGOT Winner
345,Cate Blanchett,Actress,Bachelor of Fine Arts,Fine Arts,National Institute of Dramatic Art,1992,Australia,,,2x Oscar Winner
346,Daniel Day-Lewis,Actor,Drama Training,Acting,Bristol Old Vic Theatre School,1979,UK,,,3x Oscar Winner
347,Frances McDormand,Actress,Master of Fine Arts,Acting,Yale School of Drama,1982,USA,11,,3x Oscar Winner
348,Anthony Hopkins,Actor,Diploma,Acting,Royal Academy of Dramatic Art,1963,UK,,,2x Oscar Winner
349,Judi Dench,Actress,Drama Training,Acting,Central School of Speech and Drama,1957,UK,,,Oscar Winner
350,Helen Mirren,Actress,Attended,Teaching,New College of Speech and Drama,1965,UK,,,Oscar Winner
351,Jerry Seinfeld,Comedian,Bachelor of Arts,Communications and Theater,Queens College,1976,USA,,,Emmy Winner
352,Ellen DeGeneres,Comedian,Attended,Communication Studies,University of New Orleans,1976,USA,,,Emmy Winner
353,Steve Martin,Comedian,Bachelor of Arts,Theater,California State University Long Beach,1967,USA,,,Grammy Winner
354,Tina Fey,Comedian,Bachelor of Arts,Drama,University of Virginia,1992,USA,25,,Emmy Winner
355,Amy Poehler,Comedian,Bachelor of Arts,Media and Communications,Boston College,1993,USA,,,Emmy Winner
356,Stephen Colbert,Comedian,Bachelor of Arts,Philosophy,Northwestern University,1986,USA,27,,Emmy Winner
357,Jimmy Fallon,Comedian,Bachelor of Arts,Communications,College of Saint Rose,1995,USA,,,Emmy Winner
358,John Oliver,Comedian,Bachelor of Arts,English,University of Cambridge,1995,UK,4,,Emmy Winner
359,Conan O'Brien,Comedian,Bachelor of Arts,History and Literature,Harvard University,1985,USA,5,Magna Cum Laude,Emmy Winner
360,Elizabeth Blackwell,Physician,Doctor of Medicine,Medicine,Geneva Medical College,1849,USA,,,First Woman MD in USA
361,Florence Nightingale,Nurse,Nursing Training,Nursing,Institute of Protestant Deaconesses,1851,Germany,,,Founder of Modern Nursing
362,Paul Farmer,Physician,Doctor of Medicine and PhD,Medicine and Anthropology,Harvard University,1990,USA,5,,Partners in Health Founder
363,Atul Gawande,Surgeon,Doctor of Medicine,Medicine,Harvard Medical School,1995,USA,5,,MacArthur Fellow
364,Sanjay Gupta,Neurosurgeon,Doctor of Medicine,Medicine,University of Michigan,1993,USA,24,,Emmy Winner
365,Ben Carson,Neurosurgeon,Doctor of Medicine,Medicine,University of Michigan,1977,USA,24,,Presidential Medal of Freedom
366,Oliver Sacks,Neurologist,Doctor of Medicine,Medicine,University of Oxford,1960,UK,4,,Author and Physician
367,Anthony Fauci,Immunologist,Doctor of Medicine,Medicine,Cornell University,1966,USA,21,,Presidential Medal of Freedom
368,Francis Collins,Geneticist,Doctor of Medicine and PhD,Medicine and Physical Chemistry,University of North Carolina,1977,USA,29,,Human Genome Project Leader
369,Robert Gallo,Virologist,Doctor of Medicine,Medicine,Jefferson Medical College,1963,USA,,,HIV Co-Discoverer
370,Sara Blakely,Entrepreneur,Bachelor of Arts,Communications,Florida State University,1993,USA,,,Spanx Founder
371,Arianna Huffington,Entrepreneur,Master of Arts,Economics,University of Cambridge,1972,UK,4,,HuffPost Founder
372,Martha Stewart,Entrepreneur,Bachelor of Arts,Art History and Architectural History,Barnard College,1963,USA,,,Lifestyle Mogul
373,Meg Whitman,Tech Executive,Master of Business Administration,Business,Harvard Business School,1979,USA,2,,eBay Former CEO
374,Jack Dorsey,Tech Entrepreneur,Dropped Out,Computer Science,Missouri University of Science,1997,USA,,,Twitter Founder
375,Stewart Butterfield,Tech Entrepreneur,Master of Arts,Philosophy,University of Cambridge,1998,UK,4,,Slack Founder
376,Venus Williams,Athlete,Bachelor of Science,Business Administration,Indiana University East,2015,USA,,,7x Grand Slam Champion
377,Shaquille O'Neal,Athlete,Doctorate in Education,Education,Barry University,2012,USA,,,4x NBA Champion
378,Stephen Curry,Athlete,Bachelor of Arts,Sociology,Davidson College,2022,USA,,,4x NBA Champion
379,Russell Wilson,Athlete,Bachelor of Arts,Communications,North Carolina State University,2010,USA,,3.7,Super Bowl Champion
380,Andrew Luck,Athlete,Bachelor of Science,Architectural Design,Stanford University,2012,USA,3,3.5,NFL MVP
381,Jeremy Lin,Athlete,Bachelor of Arts,Economics,Harvard University,2010,USA,5,3.1,Linsanity
382,Kareem Abdul-Jabbar,Athlete,Bachelor of Arts,History,University of California Los Angeles,1969,USA,14,,6x NBA Champion
383,Magic Johnson,Athlete,Bachelor of Arts,Communications,Michigan State University,1979,USA,,,5x NBA Champion
384,David Robinson,Athlete,Bachelor of Science,Mathematics,United States Naval Academy,1987,USA,,,2x NBA Champion
385,Tim Duncan,Athlete,Bachelor of Arts,Psychology,Wake Forest University,1997,USA,,,5x NBA Champion
386,Ruth Bader Ginsburg,Supreme Court Justice,Bachelor of Arts,Government,Cornell University,1954,USA,21,,Supreme Court Justice
387,Sonia Sotomayor,Supreme Court Justice,Juris Doctor,Law,Yale Law School,1979,USA,11,,Supreme Court Justice
388,Elena Kagan,Supreme Court Justice,Juris Doctor,Law,Harvard Law School,1986,USA,5,Magna Cum Laude,Supreme Court Justice
389,Thurgood Marshall,Supreme Court Justice,Bachelor of Arts,Pre-Law,Lincoln University,1930,USA,,Cum Laude,First Black Justice
390,Sandra Day O'Connor,Supreme Court Justice,Bachelor of Arts,Economics,Stanford University,1950,USA,3,Magna Cum Laude,First Female Justice
391,Clarence Thomas,Supreme Court Justice,Juris Doctor,Law,Yale Law School,1974,USA,11,,Supreme Court Justice
392,John Roberts,Chief Justice,Juris Doctor,Law,Harvard Law School,1979,USA,5,Magna Cum Laude,Chief Justice USA
393,Amy Coney Barrett,Supreme Court Justice,Juris Doctor,Law,University of Notre Dame,1997,USA,227,Summa Cum Laude,Supreme Court Justice
394,Brett Kavanaugh,Supreme Court Justice,Juris Doctor,Law,Yale Law School,1990,USA,11,,Supreme Court Justice
395,Neil Gorsuch,Supreme Court Justice,Juris Doctor,Law,Harvard Law School,1991,USA,5,,Supreme Court Justice
396,Noam Chomsky,Linguist,Doctor of Philosophy,Linguistics,University of Pennsylvania,1955,USA,13,,Father of Modern Linguistics
397,Michel Foucault,Philosopher,Agrégation,Philosophy,École Normale Supérieure,1951,France,,,Postmodern Philosopher
398,Judith Butler,Philosopher,Doctor of Philosophy,Philosophy,Yale University,1984,USA,11,,Gender Theory Pioneer
399,Cornel West,Philosopher,Doctor of Philosophy,Philosophy,Princeton University,1980,USA,16,,Public Intellectual
400,Martha Nussbaum,Philosopher,Doctor of Philosophy,Philosophy,Harvard University,1975,USA,5,,Capabilities Approach
401,Sigmund Freud,Psychologist,Doctor of Medicine,Medicine,University of Vienna,1881,Austria,134,,Father of Psychoanalysis
402,Carl Jung,Psychologist,Doctor of Medicine,Medicine,University of Basel,1902,Switzerland,,,Analytical Psychology Founder
403,B F Skinner,Psychologist,Doctor of Philosophy,Psychology,Harvard University,1931,USA,5,,Behaviorism Pioneer
404,Jean Piaget,Psychologist,Doctor of Philosophy,Natural Sciences,University of Neuchâtel,1918,Switzerland,,,Developmental Psychology
405,Erik Erikson,Psychologist,No Formal Degree,Psychoanalysis,Vienna Psychoanalytic Institute,1933,Austria,,,Identity Crisis Theory
406,Carol Dweck,Psychologist,Doctor of Philosophy,Psychology,Yale University,1972,USA,11,,Growth Mindset Theory
407,Daniel Kahneman,Psychologist,Doctor of Philosophy,Psychology,University of California Berkeley,1961,USA,10,,Nobel Prize in Economics 2002
408,Angela Duckworth,Psychologist,Doctor of Philosophy,Psychology,University of Pennsylvania,2006,USA,13,,Grit Theory Author
409,Martin Seligman,Psychologist,Doctor of Philosophy,Psychology,University of Pennsylvania,1967,USA,13,,Positive Psychology Founder
410,Steven Pinker,Psychologist,Doctor of Philosophy,Experimental Psychology,Harvard University,1979,USA,5,,Language Instinct Author
411,Alicia Keys,Musician,Attended,Professional Performance Arts,Columbia University,1998,USA,19,,15x Grammy Winner
412,Rashida Jones,Actress,Bachelor of Arts,Comparative Religion,Harvard University,1997,USA,5,,Emmy Nominee
413,Brooke Shields,Actress,Bachelor of Arts,French Literature,Princeton University,1987,USA,16,,Golden Globe Nominee
414,Lupita Nyong'o,Actress,Master of Fine Arts,Acting,Yale School of Drama,2012,USA,11,,Oscar Winner
415,James Franco,Actor,Master of Fine Arts,Multiple Disciplines,Various Universities,2010,USA,,,Golden Globe Winner
416,Jodie Foster,Actress,Bachelor of Arts,Literature,Yale University,1985,USA,11,Magna Cum Laude,2x Oscar Winner
417,David Duchovny,Actor,Master of Arts,English Literature,Yale University,1986,USA,11,,Golden Globe Winner
418,Ashley Judd,Actress,Master of Public Administration,Public Administration,Harvard Kennedy School,2010,USA,5,,Emmy Nominee
419,Evan Williams,Tech Entrepreneur,Attended,Computer Science,University of Nebraska,1993,USA,,,Twitter Co-founder
420,Biz Stone,Tech Entrepreneur,Bachelor of Arts,Fine Arts,Northeastern University,1999,USA,,,Twitter Co-founder
421,Jan Koum,Tech Entrepreneur,Dropped Out,Computer Science and Mathematics,San Jose State University,1997,USA,,,WhatsApp Co-founder
422,Brian Acton,Tech Entrepreneur,Bachelor of Science,Computer Science,Stanford University,1994,USA,3,,WhatsApp Co-founder
423,Jan Ullrich,Tech Entrepreneur,Bachelor of Science,Computer Science,University of Michigan,1991,USA,24,,Box CEO
424,Chad Hurley,Tech Entrepreneur,Bachelor of Fine Arts,Fine Arts,Indiana University of Pennsylvania,1999,USA,,,YouTube Co-founder
425,Steve Chen,Tech Entrepreneur,Bachelor of Science,Computer Science,University of Illinois,2002,USA,65,,YouTube Co-founder
426,Jawed Karim,Tech Entrepreneur,Bachelor of Science,Computer Science,University of Illinois,2004,USA,65,,YouTube Co-founder
427,Max Levchin,Tech Entrepreneur,Bachelor of Science,Computer Science,University of Illinois,1997,USA,65,,PayPal Co-founder
428,Luke Nosek,Tech Entrepreneur,Bachelor of Science,Computer Science,University of Illinois,1996,USA,65,,PayPal Co-founder
429,Madeleine Albright,Diplomat,Doctor of Philosophy,Public Law and Government,Columbia University,1976,USA,19,,First Female Secretary of State
430,Condoleezza Rice,Diplomat,Doctor of Philosophy,Political Science,University of Denver,1981,USA,,,Secretary of State
431,Henry Kissinger,Diplomat,Doctor of Philosophy,Government,Harvard University,1954,USA,5,Summa Cum Laude,Nobel Peace Prize 1973
432,Colin Powell,Military Leader,Master of Business Administration,Business,George Washington University,1971,USA,,,Secretary of State
433,John McCain,Politician,Bachelor of Science,Naval Sciences,United States Naval Academy,1958,USA,,,POW and Senator
434,Elizabeth Warren,Politician,Juris Doctor,Law,Rutgers Law School,1976,USA,,,US Senator
435,Bernie Sanders,Politician,Bachelor of Arts,Political Science,University of Chicago,1964,USA,10,,US Senator
436,Alexandria Ocasio-Cortez,Politician,Bachelor of Arts,Economics and International Relations,Boston University,2011,USA,43,Cum Laude,US Representative
437,Pete Buttigieg,Politician,Bachelor of Arts,History and Literature,Harvard University,2004,USA,5,Magna Cum Laude,Rhodes Scholar
438,Tulsi Gabbard,Politician,Bachelor of Science,Business Administration,Hawaii Pacific University,2009,USA,,3.8,US Representative
439,Tu Youyou,Pharmaceutical Chemist,Bachelor's Degree,Pharmacy,Beijing Medical College,1955,China,,,Nobel Prize in Medicine 2015
440,Yoshinori Ohsumi,Cell Biologist,Doctor of Science,Biology,University of Tokyo,1974,Japan,26,,Nobel Prize in Medicine 2016
441,Katalin Karikó,Biochemist,Doctor of Philosophy,Biochemistry,University of Szeged,1982,Hungary,,,mRNA Vaccine Pioneer
442,Drew Weissman,Immunologist,Doctor of Medicine and PhD,Medicine and Immunology,Boston University,1987,USA,43,,Nobel Prize in Medicine 2023
443,Robert Langer,Chemical Engineer,Doctor of Philosophy,Chemical Engineering,Massachusetts Institute of Technology,1974,USA,1,,Most Cited Engineer
444,George Church,Geneticist,Doctor of Philosophy,Biochemistry,Harvard University,1984,USA,5,,CRISPR Pioneer
445,Feng Zhang,Neuroscientist,Doctor of Philosophy,Chemistry,Stanford University,2009,USA,3,,CRISPR Pioneer
446,David Liu,Chemist,Doctor of Philosophy,Chemistry,University of California Berkeley,1999,USA,10,,Base Editing Pioneer
447,Demis Hassabis,AI Researcher,Doctor of Philosophy,Cognitive Neuroscience,University College London,2009,UK,9,,DeepMind Founder
448,Geoffrey Hinton,Computer Scientist,Doctor of Philosophy,Artificial Intelligence,University of Edinburgh,1978,UK,,,Godfather of AI
449,Yann LeCun,Computer Scientist,Doctor of Philosophy,Computer Science,Pierre and Marie Curie University,1987,France,,,Deep Learning Pioneer
450,Yoshua Bengio,Computer Scientist,Doctor of Philosophy,Computer Science,McGill University,1991,Canada,31,,Turing Award 2018
451,Andrew Ng,Computer Scientist,Doctor of Philosophy,Computer Science,University of California Berkeley,2002,USA,10,,AI Education Pioneer
452,Fei-Fei Li,Computer Scientist,Doctor of Philosophy,Electrical Engineering,California Institute of Technology,2005,USA,7,,ImageNet Creator
453,Daphne Koller,Computer Scientist,Doctor of Philosophy,Computer Science,Stanford University,1993,USA,3,,Coursera Co-founder
454,Barbara Walters,Journalist,Bachelor of Arts,English,Sarah Lawrence College,1951,USA,,,Emmy Winner
455,Dan Rather,Journalist,Bachelor of Arts,Journalism,Sam Houston State University,1953,USA,,,Peabody Award
456,Tom Brokaw,Journalist,Bachelor of Arts,Political Science,University of South Dakota,1964,USA,,,Emmy Winner
457,Diane Sawyer,Journalist,Bachelor of Arts,English,Wellesley College,1967,USA,,,Emmy Winner
458,Peter Jennings,Journalist,High School Graduate,,Trinity College School,1959,Canada,,,Emmy Winner
459,Nate Silver,Statistician,Bachelor of Arts,Economics,University of Chicago,2000,USA,10,,FiveThirtyEight Founder
460,Yuval Noah Harari,Historian,Doctor of Philosophy,History,University of Oxford,2002,UK,4,,Sapiens Author
461,Jared Diamond,Geographer,Doctor of Philosophy,Physiology,University of Cambridge,1961,UK,4,,Pulitzer Prize Winner
462,Doris Kearns Goodwin,Historian,Doctor of Philosophy,Government,Harvard University,1968,USA,5,,Pulitzer Prize Winner
463,David Attenborough,Broadcaster,Bachelor of Arts,Natural Sciences,University of Cambridge,1947,UK,4,,Nature Documentary Icon
464,Brian Cox,Physicist,Doctor of Philosophy,Particle Physics,University of Manchester,1998,UK,27,,Science Communicator
465,Neil Tyson,Astrophysicist,Doctor of Philosophy,Astrophysics,Columbia University,1991,USA,19,,Science Communicator
466,Brian Greene,Physicist,Doctor of Philosophy,Physics,University of Oxford,1987,UK,4,,String Theory Expert
467,Lisa Randall,Physicist,Doctor of Philosophy,Physics,Harvard University,1987,USA,5,,Theoretical Physics
468,Michio Kaku,Physicist,Doctor of Philosophy,Physics,University of California Berkeley,1972,USA,10,,Futurist Author
469,Lawrence Krauss,Physicist,Doctor of Philosophy,Physics,Massachusetts Institute of Technology,1982,USA,1,,Cosmologist
470,Kip Thorne,Physicist,Doctor of Philosophy,Physics,Princeton University,1965,USA,16,,Nobel Prize in Physics 2017
471,Roger Penrose,Mathematician,Doctor of Philosophy,Mathematics,University of Cambridge,1958,UK,4,,Nobel Prize in Physics 2020
472,Andrea Ghez,Astronomer,Doctor of Philosophy,Physics,California Institute of Technology,1992,USA,7,,Nobel Prize in Physics 2020
473,Reinhard Genzel,Astrophysicist,Doctor of Philosophy,Physics,University of Bonn,1978,Germany,,,Nobel Prize in Physics 2020
474,Donna Strickland,Physicist,Doctor of Philosophy,Physics,University of Rochester,1989,USA,,,Nobel Prize in Physics 2018
475,Rainer Weiss,Physicist,Doctor of Philosophy,Physics,Massachusetts Institute of Technology,1962,USA,1,,Nobel Prize in Physics 2017
476,Barry Barish,Physicist,Doctor of Philosophy,Physics,University of California Berkeley,1962,USA,10,,Nobel Prize in Physics 2017
477,Adam Riess,Astrophysicist,Doctor of Philosophy,Astrophysics,Harvard University,1996,USA,5,,Nobel Prize in Physics 2011
478,Saul Perlmutter,Astrophysicist,Doctor of Philosophy,Physics,University of California Berkeley,1986,USA,10,,Nobel Prize in Physics 2011
479,Brian Schmidt,Astrophysicist,Doctor of Philosophy,Astronomy,Harvard University,1993,USA,5,,Nobel Prize in Physics 2011
480,Takaaki Kajita,Physicist,Doctor of Science,Physics,University of Tokyo,1986,Japan,26,,Nobel Prize in Physics 2015
481,Arthur McDonald,Physicist,Doctor of Philosophy,Physics,California Institute of Technology,1969,USA,7,,Nobel Prize in Physics 2015
482,François Englert,Physicist,Doctor of Philosophy,Physics,Université Libre de Bruxelles,1959,Belgium,,,Nobel Prize in Physics 2013
483,Peter Higgs,Physicist,Doctor of Philosophy,Physics,King's College London,1954,UK,35,,Nobel Prize in Physics 2013
484,Serge Haroche,Physicist,Doctor of Philosophy,Physics,Université Paris VI,1971,France,,,Nobel Prize in Physics 2012
485,David Wineland,Physicist,Doctor of Philosophy,Physics,Harvard University,1970,USA,5,,Nobel Prize in Physics 2012
486,Andre Geim,Physicist,Doctor of Philosophy,Physics,Institute for Solid State Physics,1987,Russia,,,Nobel Prize in Physics 2010
487,Konstantin Novoselov,Physicist,Doctor of Philosophy,Physics,Radboud University,2004,Netherlands,,,Nobel Prize in Physics 2010
488,Charles Kao,Physicist,Doctor of Philosophy,Electrical Engineering,Imperial College London,1965,UK,73,,Nobel Prize in Physics 2009
489,Willard Boyle,Physicist,Doctor of Philosophy,Physics,McGill University,1950,Canada,31,,Nobel Prize in Physics 2009
490,George Smith,Physicist,Doctor of Philosophy,Physics,University of Chicago,1959,USA,10,,Nobel Prize in Physics 2009
491,Yoichiro Nambu,Physicist,Doctor of Science,Physics,University of Tokyo,1952,Japan,26,,Nobel Prize in Physics 2008
492,Makoto Kobayashi,Physicist,Doctor of Science,Physics,Nagoya University,1972,Japan,,,Nobel Prize in Physics 2008
493,Toshihide Maskawa,Physicist,Doctor of Science,Physics,Nagoya University,1967,Japan,,,Nobel Prize in Physics 2008
494,Albert Fert,Physicist,Doctor of Philosophy,Physics,Université Paris-Sud,1970,France,,,Nobel Prize in Physics 2007
495,Peter Grünberg,Physicist,Doctor of Philosophy,Physics,Technische Universität Darmstadt,1969,Germany,,,Nobel Prize in Physics 2007
496,John Mather,Astrophysicist,Doctor of Philosophy,Physics,University of California Berkeley,1974,USA,10,,Nobel Prize in Physics 2006
497,George Smoot,Astrophysicist,Doctor of Philosophy,Physics,Massachusetts Institute of Technology,1970,USA,1,,Nobel Prize in Physics 2006
498,Roy Glauber,Physicist,Doctor of Philosophy,Physics,Harvard University,1949,USA,5,,Nobel Prize in Physics 2005
499,John Hall,Physicist,Doctor of Philosophy,Physics,Carnegie Institute of Technology,1961,USA,,,Nobel Prize in Physics 2005
500,Theodor Hänsch,Physicist,Doctor of Philosophy,Physics,Heidelberg University,1969,Germany,,,Nobel Prize in Physics 2005
501,David Gross,Physicist,Doctor of Philosophy,Physics,University of California Berkeley,1966,USA,10,,Nobel Prize in Physics 2004
502,Ratan Tata,Business Leader,Bachelor of Science,Architecture,Cornell University,1962,USA,21,,Tata Group Chairman
503,N R Narayana Murthy,Tech Entrepreneur,Master of Technology,Electrical Engineering,Indian Institute of Technology Kanpur,1969,India,,,Infosys Founder
504,Azim Premji,Business Leader,Bachelor of Engineering,Electrical Engineering,Stanford University,1966,USA,3,,Wipro Chairman
505,Kiran Mazumdar-Shaw,Entrepreneur,Master of Science,Malting and Brewing,Ballarat University,1975,Australia,,,Biocon Founder
506,Jack Welch,Business Executive,Doctor of Philosophy,Chemical Engineering,University of Illinois,1960,USA,65,,GE CEO
507,Anne Hathaway,Actress,Attended,English,Vassar College,2004,USA,,,Oscar Winner
508,Matt Damon,Actor,Attended,English,Harvard University,1992,USA,5,,Oscar Winner
509,Conan Gray,Musician,Bachelor of Arts,Media Studies,University of California Los Angeles,2019,USA,14,,Music Artist
510,John Williams,Composer,Music Studies,Music Composition,Juilliard School,1955,USA,,,5x Oscar Winner
511,Hans Zimmer,Composer,Self-Taught,Music,Music Training,,Germany,,,2x Oscar Winner
512,Quincy Jones,Music Producer,Music Studies,Music,Berklee College of Music,1951,USA,,,28x Grammy Winner
513,David Bowie,Musician,Art School,Commercial Art,Bromley Technical High School,1963,UK,,,Music Icon
514,Prince,Musician,High School Graduate,,Central High School,1976,USA,,,7x Grammy Winner
515,Freddie Mercury,Musician,Diploma,Art and Graphic Design,Ealing Art College,1969,UK,,,Queen Frontman
516,Bruce Springsteen,Musician,Attended,,Ocean County College,1967,USA,,,20x Grammy Winner
517,Bob Dylan,Musician,Attended,Music,University of Minnesota,1960,USA,,,Nobel Prize in Literature 2016
518,Aretha Franklin,Musician,Honorary Doctorate,Music,Multiple Universities,,USA,,,18x Grammy Winner
519,Elton John,Musician,Music Studies,Music,Royal Academy of Music,1964,UK,,,5x Grammy Winner
520,Billie Eilish,Musician,Home-Schooled,,Home Education,2018,USA,,,9x Grammy Winner
521,Ed Sheeran,Musician,Dropped Out,Music,Academy of Contemporary Music,2009,UK,,,4x Grammy Winner
522,Adele,Musician,Diploma,Performing Arts,BRIT School,2006,UK,,,16x Grammy Winner
523,Sam Smith,Musician,Youth Music Theatre,Performing Arts,Youth Music Theatre UK,2007,UK,,,4x Grammy Winner
524,Dua Lipa,Musician,Theatre School,Performing Arts,Sylvia Young Theatre School,2013,UK,,,6x Grammy Winner
