Name,Profession,Degree,Field,Institution,Graduation Year,Country,University Global Ranking,GPA (or Equivalent),Scholarship/Award
Elon Musk,Entrepreneur,Bachelor of Science,Physics & Economics,University of Pennsylvania,1997,USA,13,3.7,Dean’s List
Bill Gates,Entrepreneur,Dropped Out,computer science,Harvard University,1975,USA,5,N/A,Dean’s List
Sundar Pichai,Tech Executive,Master of Science,Material Sciences and Engineering,Stanford University,1995,USA,3,3.8,Fellowship in Engineering
Sheryl Sandberg,Tech Executive,Master of Business Administration,Business Administration,Harvard Business School,1995,USA,2,3.9,Hoover Fellowship
Jeff Bezos,Entrepreneur,Bachelor of Science,Computer Science and Electrical Engineering,Princeton University,1986,USA,16,3.6,Marquis Scholar
Indra Nooyi,Business Leader,Master of Business Administration,Management,Yale School of Management,1980,USA,11,3.7,Scholarship Winner
Oprah Winfrey,Media Executive,Honorary Doctorate,speech communications and performing arts,Tennessee State University,1987,USA,N/A,N/A,Honorary Award
Satya Nadella,Tech Executive,Master of Science,Computer Science,University of Wisconsin–Milwaukee,1990,USA,301–350,3.5,Academic Excellence Award
Malala Yousafzai,Activist,Undergraduate Studies,Philosophy,University of Oxford,2021,UK,4,N/A,Nobel Peace Prize
Mark Zuckerberg,Entrepreneur,Dropped Out,computer science and psychology,Harvard University,N/A,USA,5,N/A,N/A
Marie Curie,Scientist,Doctor of Philosophy,Physics,University of Paris,1903,France,35,N/A,Nobel Fellowship
Barack Obama,Politician,Juris Doctor,Law,Harvard Law School,1991,USA,2,3.1,Harvard Law Review Editor
Tim Cook,Tech Executive,Master of Business Administration,Business Administration,Fuqua School of Business (Duke University),1988,USA,26,3.8,Fuqua Scholar
Serena Williams,Athlete,Bachelor of Science,Business Administration,University of California,2021,USA,40,3.6,Student-Athlete Academic Award
Sergey Brin,Entrepreneur,Master of Science,Computer Science,Stanford University,1995,USA,3,3.9,National Science Foundation Fellowship
Larry Page,Entrepreneur,Master of Science,Computer Engineering,Stanford University,1995,USA,3,3.9,NSF Graduate Fellowship
Angela Merkel,Politician,Doctor of Philosophy,Physical Chemistry,University of Leipzig,1986,Germany,231–240,N/A,DAAD Scholarship
Malcolm Gladwell,Author,Master of Arts,Sociology,University of Toronto,1987,Canada,26,3.7,Trudeau Foundation Scholar
Emma Watson,Actor,Bachelor of Arts,English Literature,Brown University,2014,USA,14,3.5,Rhodes Scholar Finalist
Leonardo DiCaprio,Actor,High School,General,Los Angeles Center for Enriched Studies,1992,USA,N/A,N/A,Academy Award Winner
Michelle Obama,Lawyer/Author,Juris Doctor,Law,Harvard Law School,1988,USA,2,3.7,Magna Cum Laude
Stephen Hawking,Physicist,PhD,Physics,Cambridge University,1966,UK,3,N/A,Nobel Prize Physics
J.K. Rowling,Author,Bachelor,French/Classics,University of Exeter,1986,UK,161,02:02:00,Honorary Degree
Morgan Freeman,Actor,None,Drama,Los Angeles City College,N/A,USA,N/A,N/A,Kennedy Center Honor
Kamala Harris,Politician,Juris Doctor,Law,UC Hastings,1989,USA,62,N/A,Alpha Kappa Alpha
Jack Ma,Tech CEO,Bachelor,English,Hangzhou Normal University,1988,China,N/A,3.6,Honorary PhD
Marissa Mayer,Tech Executive,Master,Computer Science,Stanford University,1999,USA,4,3.9,National Merit Scholar
Neil deGrasse Tyson,Astrophysicist,PhD,Astrophysics,Columbia University,1991,USA,7,3.9,NASA Fellowship
Melinda Gates,Philanthropist,MBA,Business,Duke University,1987,USA,23,3.8,Fuqua Scholar
Richard Branson,Business Executive,High School,N/A,Stowe School,1968,UK,N/A,N/A,Honorary Degree
Susan Wojcicki,Tech CEO,Master,Economics,UC Santa Cruz,1993,USA,58,3.9,Phi Beta Kappa
Yo-Yo Ma,Musician,Bachelor,Liberal Arts,Harvard University,1976,USA,3,3.8,Presidential Medal of Freedom
Reed Hastings,Tech CEO,Master,Computer Science,Stanford University,1988,USA,4,3.7,Fulbright Scholar
MacKenzie Scott,Author/Philanthropist,Bachelor,English,Princeton University,1992,USA,6,3.9,Toni Morrison Thesis Prize
Jensen Huang,Tech CEO,Master,Electrical Engineering,Stanford University,1992,USA,4,3.8,Outstanding Graduate
Ursula von der Leyen,Politician,PhD,Medicine,Hannover Medical School,1991,Germany,122,N/A,Research Excellence Award
Bob Iger,Media Executive,Bachelor,Television & Radio,Ithaca College,1973,USA,N/A,3.6,Honorary Degree
Reshma Saujani,Nonprofit Executive,Juris Doctor,Law,Yale Law School,2002,USA,1,3.8,Paul & Daisy Soros Fellow
Sal Khan,Education Executive,Master/MBA,Engineering/Business,MIT/Harvard,2003,USA,1,4.0,Presidential Scholar
Padma Lakshmi,TV Host/Author,Bachelor,Theatre Arts,Clark University,1992,USA,N/A,3.7,Fulbright Scholarship
Hamdi Ulukaya,Business Executive,MBA,Business,SUNY Albany,1997,USA,N/A,3.6,Ernst & Young Award
Mary Barra,Business Executive,MBA,Business,Stanford University,1990,USA,4,3.9,GM Fellowship
Ken Jeong,Actor/Comedian,MD,Medicine,UNC Chapel Hill,1995,USA,28,3.9,Internal Medicine Award
Andrea Jung,Business Executive,Bachelor,English Literature,Princeton University,1979,USA,6,N/A,Princeton Scholar
John Legend,Musician,Bachelor,English,University of Pennsylvania,1999,USA,8,3.9,University Scholar
Anne Wojcicki,Tech CEO,Bachelor,Biology,Yale University,1996,USA,3,3.8,Research Excellence Award
Fareed Zakaria,Journalist,PhD,Political Science,Harvard University,1993,USA,3,N/A,Phi Beta Kappa
Mindy Kaling,Actor/Writer,Bachelor,Playwriting,Dartmouth College,2001,USA,12,3.7,Eleanor Frost Prize
Kumail Nanjiani,Actor/Comedian,Bachelor,Computer Science/Philosophy,Grinnell College,2001,USA,N/A,3.6,Comedy Award
Ava DuVernay,Film Director,Bachelor,English/African American Studies,UCLA,1995,USA,15,3.7,Directors Guild Award
Tan France,TV Host/Designer,Bachelor,Fashion Management,Doncaster College,2000,UK,N/A,N/A,Fashion Excellence Award
Chimamanda Adichie,Author,Master,Creative Writing,Johns Hopkins University,2003,USA,10,3.9,MacArthur Fellowship
Trevor Noah,Comedian,None,N/A,N/A,N/A,South Africa,N/A,N/A,Emmy Award Winner
Reshma Shetty,Actor/Singer,Master,Music,University of Kentucky,2003,USA,N/A,3.8,Opera Excellence Award
Dax Shepard,Actor/Podcaster,Bachelor,Anthropology,UCLA,1997,USA,15,3.6,Comedy Award
Mayim Bialik,Actor/Scientist,PhD,Neuroscience,UCLA,2007,USA,15,4.0,Neuroscience Fellow
Andy Samberg,Comedian/Actor,Bachelor,Experimental Film,NYU Tisch,2000,USA,27,3.7,Comedy Award
Natalie Portman,Actor,Bachelor,Psychology,Harvard University,2003,USA,3,3.9,Research Award
Warren Buffett,Investor,Master,Economics,Columbia University,1951,USA,7,3.9,N/A
Larry Ellison,Entrepreneur,Dropout,Computer Science,University of Chicago,N/A,USA,10,N/A,N/A
Michael Dell,Entrepreneur,Dropout,Biology,University of Texas,N/A,USA,43,N/A,N/A
Steve Ballmer,Entrepreneur,Bachelor,Mathematics,Harvard University,1977,USA,3,3.8,Academic Excellence
Phil Knight,Entrepreneur,MBA,Business,Stanford University,1962,USA,2,3.7,N/A
Michael Bloomberg,Entrepreneur,MBA,Business,Harvard University,1966,USA,3,3.8,Merit Award
Charles Koch,Entrepreneur,Master,Engineering,MIT,1963,USA,1,3.9,Research Grant
David Koch,Entrepreneur,Master,Engineering,MIT,1963,USA,1,3.9,Research Grant
Jim Walton,Business,Bachelor,Business Administration,University of Arkansas,1971,USA,597,3.5,N/A
Mukesh Ambani,Entrepreneur,MBA,Business,Stanford University,1980,USA,2,3.8,Merit Scholarship
Gautam Adani,Entrepreneur,Dropout,Commerce,Gujarat University,N/A,India,N/A,N/A,N/A
Bernard Arnault,Entrepreneur,Engineering,Engineering,École Polytechnique,1971,France,60,3.9,Academic Excellence
Carlos Slim,Entrepreneur,Bachelor,Engineering,UNAM,1961,Mexico,122,3.8,Academic Merit
Francoise Meyers,Business,Bachelor,Business,University of Paris,1975,France,65,3.7,N/A
Larry Fink,Finance,MBA,Business,UCLA,1976,USA,15,3.9,Academic Excellence
Stephen Schwarzman,Finance,MBA,Business,Harvard University,1972,USA,3,3.9,Merit Award
Jim Simons,Finance,PhD,Mathematics,UC Berkeley,1962,USA,4,4.0,Research Fellowship
Len Blavatnik,Entrepreneur,Master,Computer Science,Columbia University,1981,USA,7,3.9,Merit Scholarship
Jacqueline Mars,Business,Bachelor,Anthropology,Bryn Mawr College,1961,USA,27,3.7,N/A
Gina Rinehart,Business,Dropout,Economics,University of Sydney,N/A,Australia,N/A,N/A,N/A
Shiv Nadar,Entrepreneur,Engineering,Electrical Engineering,PSG College of Technology,1967,India,N/A,3.8,Merit Scholarship
Klaus Schwab,Business,PhD,Economics,University of Fribourg,1967,Switzerland,N/A,4.0,Research Grant
Giorgio Armani,Fashion,Dropout,Medicine,University of Milan,N/A,Italy,N/A,N/A,N/A
Masayoshi Son,Entrepreneur,Bachelor,Economics,UC Berkeley,1980,USA,4,3.8,Merit Scholarship
Zhang Yiming,Entrepreneur,Bachelor,Software Engineering,Nankai University,2005,China,N/A,3.9,Academic Excellence
Robin Li,Entrepreneur,Master,Computer Science,SUNY Buffalo,1994,USA,89,4.0,Research Grant
Lei Jun,Entrepreneur,Bachelor,Computer Science,Wuhan University,1991,China,N/A,3.8,Merit Award
Richard Liu,Entrepreneur,Bachelor,Sociology,Renmin University,1996,China,N/A,3.7,N/A
Pony Ma,Entrepreneur,Bachelor,Computer Science,Shenzhen University,1993,China,N/A,3.8,Merit Award
Colin Huang,Entrepreneur,Master,Computer Science,University of Wisconsin,2004,USA,28,4.0,Research Fellowship
William Ding,Entrepreneur,Bachelor,Computer Science,University of Electronic Science,1993,China,N/A,3.9,Academic Excellence
Wang Xing,Entrepreneur,Master,Computer Science,University of Delaware,2005,USA,137,3.9,Merit Scholarship
Tadashi Yanai,Fashion,Bachelor,Economics,Waseda University,1971,Japan,N/A,3.6,N/A
Takemitsu Takizaki,Entrepreneur,Bachelor,Engineering,Osaka Institute of Technology,1965,Japan,N/A,3.7,Merit Award
Qin Yinglin,Business,Master,Animal Science,China Agricultural University,1995,China,N/A,3.8,Research Grant
He Xiangjian,Entrepreneur,No Degree,N/A,N/A,N/A,China,N/A,N/A,N/A
Lu Xiangyang,Entrepreneur,Bachelor,Engineering,South China University,1983,China,N/A,3.7,N/A
Zhang Jindong,Business,Bachelor,Management,Nanjing University,1995,China,N/A,3.6,N/A
Zhou Yahui,Entrepreneur,Bachelor,mechanical engineering,Tsinghua University,1999 ,China,N/A,3.7,N/A
Carlos Slim Helu,Business,Bachelor,Engineering,Universidad Nacional Autonoma de Mexico,1961,Mexico,122,3.8,N/A
Alice Walton,Business,Bachelor,Economics,Trinity College,1971,USA,3,3.7,N/A
Francoise Bettencourt Meyers,Business,Bachelor,Philosophy,University of Paris,1975,France,35,3.8,N/A
Zhong Shanshan,Business,Bachelor,Medicine,Hangzhou Normal University,1982,China,N/A,3.6,N/A
Mark Mateschitz,Business,Bachelor,Economics,Fachhochschule Salzburg,2018,Austria,N/A,3.8,N/A
Ken Griffin,Finance,Bachelor,Economics,Harvard University,1989,USA,3,3.8,N/A
Eduardo Saverin,Entrepreneur,Bachelor,Economics,Harvard University,2006,USA,3,3.7,N/A
Vagit Alekperov,Business,Bachelor,Engineering,Azarbayjan State Oil Academy,1975,Azerbaijan,N/A,3.6,N/A
Stefan Quandt,Business,Bachelor,Engineering,Technical University of Darmstadt,1994,Germany,N/A,3.7,N/A
Susanne Klatten,Business,Bachelor,Economics,Technical University of Munich,1993,Germany,N/A,3.8,N/A
Cyrus Poonawalla,Business,Bachelor,Pharmacy,University of Pune,1966,India,N/A,3.7,N/A
Eyal Ofer,Business,Bachelor,Maritime Law,University of London,1970,Israel,N/A,N/A,N/A	
Changpeng Zhao,Entrepreneur,Bachelor,Software Engineer,McGill University,1997,China,30,N/A,N/A	
Thomas Peterffy,Entrepreneur,N/A,N/A,N/A,USA(residence)/ Hungary (origin),N/A,N/A,N/A,N/A
Jeff Yass,Entrepreneur,Bachelor,Mathematics & Economics,Binghamton University,1979,USA,1200,N/A,N/A
Ma Huateng,Business,Bachelor,Computer Science,Shenzhen University,1993,China,801,N/A,N/A
Dieter Schwarz,Business,N/A,N/A,N/A,N/A,Germany,N/A,N/A,N/A	
Alain Wertheimer,Businessman (Co-owner of Chanel),N/A,N/A,N/A,N/A,France,N/A,N/A,N/A
Andrea Pignataro,Business,Bachelor,Financier,N/A,N/A,Italy/UK,N/A,N/A,N/A
Melinda French Gates,Philanthropist,MBA and BA,Computer Science and Economics,Duke University,1986, USA,,N/A,Duke University Distinguished Alumna Award
Vladimir Potanin,Business,Specialist Degree,International Economic Relations,Moscow State Institute of International Relations (MGIMO),1983,Russia,366,N/A,French Legion of Honour
Prajogo Pangestu,Business,N/A,N/A,N/A,N/A,Indonesia,N/A,N/A,N/A
Henry Samueli,Engineer and Businessman,Ph.D.,Electrical Engineering,University of California,1980,USA,46,N/A,National Medal of Technology and Innovation (2011)
Eric Schmidt,Businessman and Software Engineer,Ph.D.,Electrical Engineering and Computer Science,University of California,1982,USA,10,N/A,National Academy of Engineering Member/ Marconi Prize (2012)
Daniel Gilbert,Psychologist,Ph.D.,Psychology,Yale University,1984,USA,14,N/A,American Psychological Association Distinguished Scientific Contributions Award
Aliko Dangote,Business,Bachelor's Degree,Business Administration,Al-Azhar University,1977,Nigeria,N/A,N/A,N/A
Gennady Timchenko,Business,N/A,N/A,N/A,N/A,Indonesia,N/A,N/A,N/A
Idan Ofer,Business,Bachelor's Degree,Economics and Management,London School of Economics,1987,United Kingdom,49,N/A,N/A
Albert Einstein,Theoretical Physicist,Doctor of Philosophy,Physics,University of Zurich,1905,Switzerland,58,NaN,Nobel Prize in Physics 1921
Richard Feynman,Physicist,Doctor of Philosophy,Physics,Princeton University,1942,USA,16,NaN,Nobel Prize in Physics 1965
James Watson,Molecular Biologist,Doctor of Philosophy,Zoology,Indiana University,1950,USA,301-350,NaN,Nobel Prize in Physiology 1962
Francis Crick,Molecular Biologist,Doctor of Philosophy,Physics,University College London,1954,UK,9,NaN,Nobel Prize in Physiology 1962
Rosalind Franklin,Chemist,Doctor of Philosophy,Physical Chemistry,University of Cambridge,1945,UK,4,NaN,Research Fellow
Linus Pauling,Chemist,Doctor of Philosophy,Chemistry,California Institute of Technology,1925,USA,7,NaN,Nobel Prize in Chemistry 1954
Dorothy Hodgkin,Chemist,Doctor of Philosophy,Chemistry,University of Cambridge,1937,UK,4,NaN,Nobel Prize in Chemistry 1964
Barbara McClintock,Geneticist,Doctor of Philosophy,Botany,Cornell University,1927,USA,21,NaN,Nobel Prize in Physiology 1983
Carl Sagan,Astronomer,Doctor of Philosophy,Astronomy and Astrophysics,University of Chicago,1960,USA,10,NaN,Pulitzer Prize
Jane Goodall,Primatologist,Doctor of Philosophy,Ethology,University of Cambridge,1965,UK,4,NaN,UN Messenger of Peace
Steve Jobs,Entrepreneur,Dropped Out,Liberal Arts,Reed College,1972,USA,NaN,NaN,National Medal of Technology
Jack Dorsey,Tech Entrepreneur,Dropped Out,Computer Science,New York University,1997,USA,38,NaN,Innovator Under 35
Jan Koum,Tech Entrepreneur,Dropped Out,Computer Science,San Jose State University,1997,USA,NaN,NaN,Technology Pioneer
Travis Kalanick,Entrepreneur,Dropped Out,Computer Engineering,University of California Los Angeles,1998,USA,14,NaN,Time 100
Brian Chesky,Tech Entrepreneur,Bachelor of Fine Arts,Industrial Design,Rhode Island School of Design,2004,USA,NaN,3.6,Presidential Ambassador
Drew Houston,Tech Entrepreneur,Bachelor of Science,Computer Science,Massachusetts Institute of Technology,2005,USA,1,NaN,Forbes 30 Under 30
Evan Spiegel,Tech Entrepreneur,Bachelor of Science,Product Design,Stanford University,2012,USA,3,NaN,Youngest Billionaire
Whitney Wolfe Herd,Tech Entrepreneur,Bachelor of Arts,International Studies,Southern Methodist University,2011,USA,NaN,3.5,Forbes 30 Under 30
Howard Schultz,Business Leader,Bachelor of Science,Communications,Northern Michigan University,1975,USA,NaN,NaN,Business Leader Award
Ginni Rometty,Tech Executive,Bachelor of Science,Computer Science,Northwestern University,1979,USA,27,3.7,General Motors Scholarship
Doug McMillon,Business Executive,Master of Business Administration,Business Administration,University of Tulsa,1991,USA,NaN,3.6,Dean's List
Brian Moynihan,Banking Executive,Juris Doctor,Law,University of Notre Dame,1984,USA,227,NaN,Law Review Editor
Jamie Dimon,Banking Executive,Master of Business Administration,Business Administration,Harvard Business School,1982,USA,2,NaN,Baker Scholar
Lloyd Blankfein,Banking Executive,Bachelor of Arts,History,Harvard University,1975,USA,5,NaN,Cum Laude
Ruth Porat,Business Executive,Master of Business Administration,Finance,Wharton School,1987,USA,13,3.9,Palmer Scholar
Rosalind Brewer,Business Executive,Bachelor of Science,Chemistry,Spelman College,1984,USA,NaN,3.5,Dean's Award
John F Kennedy,Politician,Bachelor of Arts,Government,Harvard University,1940,USA,5,NaN,Cum Laude
Bill Clinton,Politician,Bachelor of Science,Foreign Service,Georgetown University,1968,USA,231,NaN,Rhodes Scholar
Hillary Clinton,Politician,Juris Doctor,Law,Yale Law School,1973,USA,11,NaN,Yale Review Editor
George W Bush,Politician,Master of Business Administration,Business Administration,Harvard Business School,1975,USA,2,NaN,Alumni
Ronald Reagan,Politician,Bachelor of Arts,Economics and Sociology,Eureka College,1932,USA,NaN,NaN,Athletic Scholarship
Jimmy Carter,Politician,Bachelor of Science,Nuclear Physics,United States Naval Academy,1946,USA,NaN,3.9,Nobel Peace Prize 2002
Margaret Thatcher,Politician,Bachelor of Science,Chemistry,University of Oxford,1947,UK,4,NaN,Prime Minister
Tony Blair,Politician,Bachelor of Arts,Law,University of Oxford,1975,UK,4,NaN,Prime Minister
Emmanuel Macron,Politician,Master's Degree,Public Affairs,Sciences Po Paris,2001,France,NaN,NaN,ENA Graduate
Justin Trudeau,Politician,Bachelor of Arts,Literature,McGill University,1994,Canada,31,NaN,Prime Minister
Neil Armstrong,Astronaut,Bachelor of Science,Aeronautical Engineering,Purdue University,1955,USA,99,NaN,Holloway Scholarship
Sally Ride,Astronaut,Doctor of Philosophy,Physics,Stanford University,1978,USA,3,NaN,First American Woman in Space
Mae Jemison,Astronaut,Doctor of Medicine,Medicine,Cornell University,1981,USA,21,3.8,First African American Woman in Space
Buzz Aldrin,Astronaut,Doctor of Philosophy,Astronautics,Massachusetts Institute of Technology,1963,USA,1,NaN,Presidential Medal of Freedom
Stephen Jay Gould,Paleontologist,Doctor of Philosophy,Paleontology,Columbia University,1967,USA,19,NaN,MacArthur Fellow
Rachel Carson,Marine Biologist,Master of Arts,Marine Biology,Johns Hopkins University,1932,USA,28,NaN,Environmental Pioneer
Jonas Salk,Virologist,Doctor of Medicine,Medicine,New York University,1939,USA,38,NaN,Congressional Gold Medal
Craig Venter,Geneticist,Doctor of Philosophy,Physiology,University of California San Diego,1975,USA,18,NaN,National Medal of Science
Jennifer Doudna,Biochemist,Doctor of Philosophy,Biological Chemistry,Harvard University,1989,USA,5,NaN,Nobel Prize in Chemistry 2020
Emmanuelle Charpentier,Microbiologist,Doctor of Philosophy,Microbiology,Pasteur Institute,1995,France,NaN,NaN,Nobel Prize in Chemistry 2020
Michael Jordan,Athlete,Bachelor of Arts,Cultural Geography,University of North Carolina,1986,USA,29,NaN,Athletic Scholarship
LeBron James,Athlete,High School Graduate,NaN,St Vincent St Mary High School,2003,USA,NaN,NaN,4x NBA Champion
Kobe Bryant,Athlete,High School Graduate,NaN,Lower Merion High School,1996,USA,NaN,NaN,5x NBA Champion
Tom Brady,Athlete,Bachelor of Arts,General Studies,University of Michigan,1999,USA,24,3.3,7x Super Bowl Champion
Peyton Manning,Athlete,Bachelor of Arts,Speech Communication,University of Tennessee,1997,USA,146,3.6,2x Super Bowl Champion
Tiger Woods,Athlete,Dropped Out,Economics,Stanford University,1996,USA,3,NaN,15x Major Champion
Roger Federer,Athlete,Did Not Attend,NaN,NaN,NaN,Switzerland,NaN,NaN,20x Grand Slam Champion
Simone Biles,Athlete,Pursuing,Business Administration,University of the People,2025,USA,NaN,NaN,7x Olympic Gold Medalist
Usain Bolt,Athlete,Did Not Attend,NaN,NaN,NaN,Jamaica,NaN,NaN,8x Olympic Gold Medalist
Megan Rapinoe,Athlete,Attended,NaN,University of Portland,2008,USA,NaN,NaN,2x World Cup Champion
Ernest Hemingway,Author,Did Not Attend,NaN,NaN,NaN,USA,NaN,NaN,Nobel Prize in Literature 1954
F Scott Fitzgerald,Author,Dropped Out,Literature,Princeton University,1917,USA,16,NaN,Great American Novelist
Toni Morrison,Author,Master of Arts,English,Cornell University,1955,USA,21,NaN,Nobel Prize in Literature 1993
Maya Angelou,Author,Did Not Complete,NaN,Various High Schools,1945,USA,NaN,NaN,Presidential Medal of Freedom
Stephen King,Author,Bachelor of Arts,English,University of Maine,1970,USA,NaN,NaN,National Medal of Arts
John Grisham,Author,Juris Doctor,Law,University of Mississippi,1981,USA,NaN,NaN,Bestselling Author
Dan Brown,Author,Bachelor of Arts,English,Amherst College,1986,USA,NaN,NaN,Bestselling Author
Margaret Atwood,Author,Master of Arts,English Literature,Radcliffe College,1962,USA,NaN,NaN,Booker Prize
Haruki Murakami,Author,Bachelor of Arts,Drama,Waseda University,1975,Japan,199,NaN,Franz Kafka Prize
Chimamanda Ngozi Adichie,Author,Master of Arts,African Studies,Yale University,2008,USA,11,NaN,MacArthur Fellow
Pablo Picasso,Artist,Art School,Fine Arts,Royal Academy of San Fernando,1897,Spain,NaN,NaN,Revolutionary Artist
Andy Warhol,Artist,Bachelor of Fine Arts,Pictorial Design,Carnegie Institute of Technology,1949,USA,NaN,NaN,Pop Art Pioneer
Frida Kahlo,Artist,Medical Studies Incomplete,Medicine,National Preparatory School,1925,Mexico,NaN,NaN,Iconic Artist
Georgia O'Keeffe,Artist,Art Studies,Fine Arts,Art Institute of Chicago,1908,USA,NaN,NaN,Modernist Pioneer
Ludwig van Beethoven,Composer,Court Musician Training,Music,Court of Bonn,1792,Germany,NaN,NaN,Classical Master
Wolfgang Amadeus Mozart,Composer,Private Tutoring,Music,Home Education,NaN,Austria,NaN,NaN,Musical Prodigy
Lady Gaga,Musician,Attended,Music,New York University Tisch School,2005,USA,38,NaN,Grammy Winner
Taylor Swift,Musician,Honorary Doctorate,Fine Arts,New York University,2022,USA,38,NaN,Grammy Winner
Beyoncé,Musician,High School Graduate,NaN,Alief Elsik High School,2000,USA,NaN,NaN,32x Grammy Winner
Reid Hoffman,Tech Entrepreneur,Master of Arts,Philosophy,University of Oxford,1993,UK,4,NaN,Rhodes Scholar
Peter Thiel,Tech Entrepreneur,Juris Doctor,Law,Stanford Law School,1992,USA,3,NaN,PayPal Mafia
Patrick Collison,Tech Entrepreneur,Dropped Out,Physics,Massachusetts Institute of Technology,2009,USA,1,NaN,Thiel Fellow
John Collison,Tech Entrepreneur,Dropped Out,Computer Science,Harvard University,2011,USA,5,NaN,Youngest Self-Made Billionaire
Kevin Systrom,Tech Entrepreneur,Bachelor of Science,Management Science and Engineering,Stanford University,2006,USA,3,NaN,Instagram Founder
Mike Krieger,Tech Entrepreneur,Master of Science,Symbolic Systems,Stanford University,2008,USA,3,NaN,Instagram Co-founder
Daniel Ek,Tech Entrepreneur,Dropped Out,Engineering,Royal Institute of Technology,2006,Sweden,98,NaN,Spotify Founder
Ada Lovelace,Mathematician,Private Tutoring,Mathematics,Home Education,NaN,UK,NaN,NaN,First Computer Programmer
Alan Turing,Mathematician,Doctor of Philosophy,Mathematics,Princeton University,1938,USA,16,NaN,Turing Award Namesake
Grace Hopper,Computer Scientist,Doctor of Philosophy,Mathematics,Yale University,1934,USA,11,NaN,Presidential Medal of Freedom
Katherine Johnson,Mathematician,Bachelor of Science,Mathematics and French,West Virginia State College,1937,USA,NaN,Summa Cum Laude,Presidential Medal of Freedom
John Nash,Mathematician,Doctor of Philosophy,Mathematics,Princeton University,1950,USA,16,NaN,Nobel Prize in Economics 1994
Andrew Wiles,Mathematician,Doctor of Philosophy,Mathematics,University of Cambridge,1980,UK,4,NaN,Abel Prize
Terence Tao,Mathematician,Doctor of Philosophy,Mathematics,Princeton University,1996,USA,16,NaN,Fields Medal
Maryam Mirzakhani,Mathematician,Doctor of Philosophy,Mathematics,Harvard University,2004,USA,5,NaN,Fields Medal 2014
Freeman Dyson,Physicist,Bachelor of Arts,Mathematics,University of Cambridge,1945,UK,4,NaN,Templeton Prize
Murray Gell-Mann,Physicist,Doctor of Philosophy,Physics,Massachusetts Institute of Technology,1951,USA,1,NaN,Nobel Prize in Physics 1969
Sheryl Palmer,Business Executive,Bachelor of Science,Business Administration,Texas Christian University,1983,USA,NaN,3.5,Fortune Most Powerful Women
Safra Catz,Tech Executive,Juris Doctor,Law,University of Pennsylvania,1986,USA,13,NaN,Highest Paid Female CEO
Ted Sarandos,Media Executive,Did Not Complete,NaN,Community College,NaN,USA,NaN,NaN,Netflix Co-CEO
Marc Benioff,Tech Entrepreneur,Bachelor of Science,Business Administration,University of Southern California,1986,USA,28,3.6,Salesforce Founder
Ray Dalio,Investor,Master of Business Administration,Finance,Harvard Business School,1973,USA,2,NaN,Bridgewater Founder
Carl Icahn,Investor,Bachelor of Arts,Philosophy,Princeton University,1957,USA,16,NaN,Activist Investor
George Soros,Investor,Doctor of Philosophy,Philosophy,London School of Economics,1954,UK,45,NaN,Philanthropist
Steven Spielberg,Film Director,Bachelor of Arts,Film Production,California State University Long Beach,2002,USA,NaN,NaN,3x Oscar Winner
Martin Scorsese,Film Director,Master of Fine Arts,Film,New York University,1968,USA,38,NaN,Oscar Winner
Quentin Tarantino,Film Director,High School Graduate,NaN,Narbonne High School,1984,USA,NaN,NaN,2x Oscar Winner
Christopher Nolan,Film Director,Bachelor of Arts,English Literature,University College London,1993,UK,9,NaN,Oscar Winner
Kathryn Bigelow,Film Director,Master of Fine Arts,Film,Columbia University,1979,USA,19,NaN,First Woman Oscar Director
Spike Lee,Film Director,Master of Fine Arts,Film Production,New York University,1982,USA,38,NaN,Honorary Oscar
Greta Gerwig,Film Director,Bachelor of Arts,English and Philosophy,Barnard College,2006,USA,NaN,NaN,Oscar Nominated Director
Jordan Peele,Film Director,Attended,Directing,Sarah Lawrence College,2001,USA,NaN,NaN,Oscar Winner
Denis Villeneuve,Film Director,Bachelor's Degree,Communications,Université du Québec à Montréal,1990,Canada,NaN,NaN,Oscar Nominated
Anderson Cooper,Journalist,Bachelor of Arts,Political Science,Yale University,1989,USA,11,NaN,Peabody Award
Rachel Maddow,Journalist,Doctor of Philosophy,Politics,University of Oxford,2001,UK,4,NaN,Rhodes Scholar
Christiane Amanpour,Journalist,Bachelor of Arts,Journalism,University of Rhode Island,1983,USA,NaN,Summa Cum Laude,Peabody Award
Bob Woodward,Journalist,Bachelor of Arts,History and English,Yale University,1965,USA,11,NaN,Pulitzer Prize
Carl Bernstein,Journalist,Dropped Out,NaN,University of Maryland,1961,USA,51,NaN,Pulitzer Prize
Katie Couric,Journalist,Bachelor of Arts,American Studies,University of Virginia,1979,USA,25,NaN,Edward R Murrow Award
Wolf Blitzer,Journalist,Master of Arts,International Relations,Johns Hopkins University,1972,USA,28,NaN,Emmy Award
Lester Holt,Journalist,Attended,Government,California State University,1982,USA,NaN,NaN,Edward R Murrow Award
Norah O'Donnell,Journalist,Bachelor of Arts,Philosophy,Georgetown University,1995,USA,231,NaN,Emmy Award
Jake Tapper,Journalist,Bachelor of Arts,History,Dartmouth College,1991,USA,11,Magna Cum Laude,Emmy Award
Coco Chanel,Fashion Designer,Convent Education,Sewing,Aubazine Abbey,1901,France,NaN,NaN,Fashion Icon
Ralph Lauren,Fashion Designer,Attended,Business,Baruch College,1964,USA,NaN,NaN,CFDA Lifetime Achievement
Vera Wang,Fashion Designer,Bachelor of Arts,Art History,Sarah Lawrence College,1971,USA,NaN,NaN,CFDA Award
Tom Ford,Fashion Designer,Bachelor of Fine Arts,Architecture,Parsons School of Design,1986,USA,NaN,NaN,CFDA Award
Diane von Furstenberg,Fashion Designer,Bachelor's Degree,Economics,University of Geneva,1969,Switzerland,NaN,NaN,CFDA President
Marc Jacobs,Fashion Designer,Bachelor of Fine Arts,Fashion Design,Parsons School of Design,1984,USA,NaN,NaN,CFDA Award
Alexander McQueen,Fashion Designer,Master of Arts,Fashion,Central Saint Martins,1992,UK,NaN,NaN,British Designer of the Year
Miuccia Prada,Fashion Designer,Doctor of Philosophy,Political Science,University of Milan,1973,Italy,NaN,NaN,Fashion Legend
Christian Dior,Fashion Designer,Attended,Political Science,Sciences Po Paris,1928,France,NaN,NaN,Fashion Icon
Martin Luther King Jr,Civil Rights Leader,Doctor of Philosophy,Systematic Theology,Boston University,1955,USA,43,NaN,Nobel Peace Prize 1964
Nelson Mandela,Political Leader,Bachelor of Laws,Law,University of South Africa,1989,South Africa,NaN,NaN,Nobel Peace Prize 1993
Mahatma Gandhi,Political Leader,Bachelor of Laws,Law,University College London,1891,UK,9,NaN,Father of Indian Nation
Desmond Tutu,Religious Leader,Master of Theology,Theology,King's College London,1966,UK,35,NaN,Nobel Peace Prize 1984
Cesar Chavez,Labor Leader,8th Grade Education,NaN,NaN,1942,USA,NaN,NaN,Presidential Medal of Freedom
Rosa Parks,Civil Rights Activist,High School Diploma,NaN,Alabama State Teachers College,1933,USA,NaN,NaN,Congressional Gold Medal
Greta Thunberg,Climate Activist,High School Student,NaN,Ongoing Education,2023,Sweden,NaN,NaN,Time Person of the Year 2019
Wangari Maathai,Environmental Activist,Doctor of Philosophy,Veterinary Anatomy,University of Nairobi,1971,Kenya,NaN,NaN,Nobel Peace Prize 2004
Betty Friedan,Feminist,Bachelor of Arts,Psychology,Smith College,1942,USA,NaN,Summa Cum Laude,Feminist Pioneer
Gloria Steinem,Feminist,Bachelor of Arts,Government,Smith College,1956,USA,NaN,Magna Cum Laude,Presidential Medal of Freedom
Kofi Annan,Diplomat,Master of Science,Management,Massachusetts Institute of Technology,1972,USA,1,NaN,Nobel Peace Prize 2001
Aung San Suu Kyi,Political Leader,Bachelor of Arts,Philosophy Politics Economics,University of Oxford,1967,UK,4,NaN,Nobel Peace Prize 1991
Shirin Ebadi,Lawyer,Doctor of Jurisprudence,Law,University of Tehran,1969,Iran,NaN,NaN,Nobel Peace Prize 2003
Muhammad Yunus,Economist,Doctor of Philosophy,Economics,Vanderbilt University,1969,USA,18,NaN,Nobel Peace Prize 2006
Paul Krugman,Economist,Doctor of Philosophy,Economics,Massachusetts Institute of Technology,1977,USA,1,NaN,Nobel Prize in Economics 2008
Joseph Stiglitz,Economist,Doctor of Philosophy,Economics,Massachusetts Institute of Technology,1967,USA,1,NaN,Nobel Prize in Economics 2001
Amartya Sen,Economist,Doctor of Philosophy,Economics,University of Cambridge,1959,UK,4,NaN,Nobel Prize in Economics 1998
Thomas Piketty,Economist,Doctor of Philosophy,Economics,London School of Economics,1993,UK,45,NaN,Capital in 21st Century Author
Janet Yellen,Economist,Doctor of Philosophy,Economics,Yale University,1971,USA,11,NaN,First Female Treasury Secretary
Gordon Ramsay,Chef,Diploma,Hotel Management,North Oxon Technical College,1987,UK,NaN,NaN,16 Michelin Stars
Julia Child,Chef,Bachelor of Arts,History,Smith College,1934,USA,NaN,NaN,Presidential Medal of Freedom
Anthony Bourdain,Chef,Associate Degree,Culinary Arts,Culinary Institute of America,1978,USA,NaN,NaN,Emmy Award
Wolfgang Puck,Chef,Apprenticeship,Culinary Arts,Hotel de Paris,1973,France,NaN,NaN,James Beard Award
Thomas Keller,Chef,Self-Taught,Culinary Arts,Restaurant Training,NaN,USA,NaN,NaN,3 Michelin Stars
Muhammad Ali,Athlete,High School Graduate,NaN,Central High School,1960,USA,NaN,NaN,3x World Heavyweight Champion
Pelé,Athlete,Did Not Attend,NaN,NaN,NaN,Brazil,NaN,NaN,3x World Cup Champion
Lionel Messi,Athlete,Youth Academy,Football,La Masia Barcelona,2004,Spain,NaN,NaN,8x Ballon d'Or
Cristiano Ronaldo,Athlete,Youth Academy,Football,Sporting CP Academy,2003,Portugal,NaN,NaN,5x Ballon d'Or
Billie Jean King,Athlete,Bachelor of Arts,History,Los Angeles State College,1964,USA,NaN,NaN,39 Grand Slam Titles
Xi Jinping,Political Leader,Doctor of Philosophy,Law,Tsinghua University,2002,China,25,NaN,President of China
Vladimir Putin,Political Leader,Candidate of Sciences,Economics,Saint Petersburg State University,1997,Russia,242,NaN,President of Russia
Narendra Modi,Political Leader,Master of Arts,Political Science,Gujarat University,1983,India,NaN,NaN,Prime Minister of India
Jacinda Ardern,Political Leader,Bachelor of Communication Studies,Public Relations and Political Science,University of Waikato,2001,New Zealand,NaN,NaN,Prime Minister of New Zealand
Volodymyr Zelensky,Political Leader,Law Degree,Law,Kyiv National Economic University,2000,Ukraine,NaN,NaN,President of Ukraine
Joko Widodo,Political Leader,Bachelor of Engineering,Forestry,Gadjah Mada University,1985,Indonesia,254,NaN,President of Indonesia
Recep Tayyip Erdogan,Political Leader,Bachelor's Degree,Business Administration,Marmara University,1981,Turkey,NaN,NaN,President of Turkey
Boris Johnson,Political Leader,Bachelor of Arts,Classics,University of Oxford,1987,UK,4,NaN,Prime Minister UK
Rishi Sunak,Political Leader,Master of Business Administration,Business,Stanford University,2006,USA,3,NaN,Prime Minister UK
Benjamin Netanyahu,Political Leader,Master of Science,Business Management,Massachusetts Institute of Technology,1976,USA,1,NaN,Prime Minister Israel
Tim Berners-Lee,Computer Scientist,Bachelor of Arts,Physics,University of Oxford,1976,UK,4,NaN,Inventor of World Wide Web
Linus Torvalds,Software Engineer,Master of Science,Computer Science,University of Helsinki,1996,Finland,106,NaN,Creator of Linux
Vint Cerf,Computer Scientist,Doctor of Philosophy,Computer Science,University of California Los Angeles,1972,USA,14,NaN,Father of Internet
Bob Kahn,Computer Scientist,Doctor of Philosophy,Electrical Engineering,Princeton University,1964,USA,16,NaN,Turing Award
Dennis Ritchie,Computer Scientist,Doctor of Philosophy,Mathematics,Harvard University,1968,USA,5,NaN,Creator of C Language
Ken Thompson,Computer Scientist,Master of Science,Electrical Engineering,University of California Berkeley,1966,USA,10,NaN,Creator of Unix
Guido van Rossum,Computer Scientist,Master of Science,Mathematics and Computer Science,University of Amsterdam,1982,Netherlands,53,NaN,Creator of Python
Brendan Eich,Computer Scientist,Master of Science,Computer Science,University of Illinois,1986,USA,65,NaN,Creator of JavaScript
James Gosling,Computer Scientist,Doctor of Philosophy,Computer Science,Carnegie Mellon University,1983,USA,52,NaN,Creator of Java
Bjarne Stroustrup,Computer Scientist,Doctor of Philosophy,Computer Science,University of Cambridge,1979,UK,4,NaN,Creator of C++
Frank Lloyd Wright,Architect,Attended,Civil Engineering,University of Wisconsin,1890,USA,NaN,NaN,AIA Gold Medal
Zaha Hadid,Architect,Bachelor of Architecture,Architecture,Architectural Association,1977,UK,NaN,NaN,Pritzker Prize 2004
I M Pei,Architect,Master of Architecture,Architecture,Harvard University,1946,USA,5,NaN,Pritzker Prize 1983
Norman Foster,Architect,Master of Architecture,Architecture,Yale University,1962,USA,11,NaN,Pritzker Prize 1999
Rem Koolhaas,Architect,Architecture Degree,Architecture,Architectural Association,1972,UK,NaN,NaN,Pritzker Prize 2000
Frank Gehry,Architect,Bachelor of Architecture,Architecture,University of Southern California,1954,USA,28,NaN,Pritzker Prize 1989
Tadao Ando,Architect,Self-Taught,Architecture,Autodidact,NaN,Japan,NaN,NaN,Pritzker Prize 1995
Renzo Piano,Architect,Architecture Degree,Architecture,Politecnico di Milano,1964,Italy,123,NaN,Pritzker Prize 1998
Santiago Calatrava,Architect,Doctor of Technical Sciences,Civil Engineering,ETH Zurich,1981,Switzerland,8,NaN,AIA Gold Medal
Jean Nouvel,Architect,Architecture Degree,Architecture,École des Beaux-Arts,1972,France,NaN,NaN,Pritzker Prize 2008
Sam Walton,Entrepreneur,Bachelor of Arts,Economics,University of Missouri,1940,USA,NaN,NaN,Walmart Founder
Walt Disney,Entrepreneur,High School Graduate,NaN,McKinley High School,1917,USA,NaN,NaN,Disney Founder
Henry Ford,Industrialist,Apprenticeship,Engineering,Trade School,1891,USA,NaN,NaN,Ford Motor Founder
John D Rockefeller,Industrialist,Business School,Business,Folsom's Commercial College,1855,USA,NaN,NaN,Standard Oil Founder
Andrew Carnegie,Industrialist,Elementary Education,NaN,Limited Formal Education,1848,USA,NaN,NaN,Carnegie Steel Founder
J P Morgan,Banker,Attended,Art History,University of Göttingen,1856,Germany,NaN,NaN,Banking Pioneer
Cornelius Vanderbilt,Business Magnate,No Formal Education,NaN,Self-Educated,NaN,USA,NaN,NaN,Railroad Tycoon
Thomas Edison,Inventor,3 months formal schooling,NaN,Home-Schooled,1859,USA,NaN,NaN,1093 US Patents
Nikola Tesla,Inventor,Engineering Studies,Electrical Engineering,Austrian Polytechnic,1878,Austria,NaN,NaN,AC Current Pioneer
Alexander Graham Bell,Inventor,Bachelor of Arts,Latin and Greek,University College London,1870,UK,9,NaN,Telephone Inventor
Isaac Newton,Physicist,Master of Arts,Mathematics,University of Cambridge,1668,UK,4,NaN,Scientific Revolution
Galileo Galilei,Astronomer,Medical Studies Incomplete,Medicine,University of Pisa,1585,Italy,NaN,NaN,Father of Modern Science
Charles Darwin,Naturalist,Bachelor of Arts,Theology,University of Cambridge,1831,UK,4,NaN,Theory of Evolution
Louis Pasteur,Chemist,Doctor of Sciences,Chemistry,University of Paris,1847,France,NaN,NaN,Germ Theory Pioneer
Max Planck,Physicist,Doctor of Philosophy,Physics,University of Munich,1879,Germany,59,NaN,Nobel Prize in Physics 1918
Niels Bohr,Physicist,Doctor of Philosophy,Physics,University of Copenhagen,1911,Denmark,84,NaN,Nobel Prize in Physics 1922
Werner Heisenberg,Physicist,Doctor of Philosophy,Physics,University of Munich,1923,Germany,59,NaN,Nobel Prize in Physics 1932
Erwin Schrödinger,Physicist,Doctor of Philosophy,Physics,University of Vienna,1910,Austria,134,NaN,Nobel Prize in Physics 1933
Enrico Fermi,Physicist,Doctor of Philosophy,Physics,University of Pisa,1922,Italy,NaN,NaN,Nobel Prize in Physics 1938
J Robert Oppenheimer,Physicist,Doctor of Philosophy,Physics,University of Göttingen,1927,Germany,NaN,NaN,Manhattan Project Leader
William Shakespeare,Playwright,Grammar School,Latin and Classics,King's New School,1579,England,NaN,NaN,Greatest Writer
Jane Austen,Author,Home Education,Literature,Private Tutoring,NaN,England,NaN,NaN,Literary Icon
Charles Dickens,Author,Limited Formal Education,NaN,Wellington House Academy,1827,England,NaN,NaN,Victorian Era Master
Mark Twain,Author,5th Grade Education,NaN,Apprenticeship,1847,USA,NaN,NaN,American Literary Icon
Leo Tolstoy,Author,Attended,Law and Oriental Languages,University of Kazan,1844,Russia,NaN,NaN,War and Peace Author
Fyodor Dostoevsky,Author,Military Engineering,Engineering,Military Engineering Institute,1843,Russia,NaN,NaN,Crime and Punishment Author
Gabriel García Márquez,Author,Law Studies Incomplete,Law,National University of Colombia,1947,Colombia,NaN,NaN,Nobel Prize in Literature 1982
Isabel Allende,Author,Private Education,NaN,Private Schools,1959,Chile,NaN,NaN,Presidential Medal of Freedom
Paulo Coelho,Author,Law School Dropout,Law,Law School,1966,Brazil,NaN,NaN,The Alchemist Author
Salman Rushdie,Author,Master of Arts,History,King's College Cambridge,1968,UK,4,NaN,Booker Prize
Meryl Streep,Actress,Master of Fine Arts,Drama,Yale School of Drama,1975,USA,11,NaN,3x Oscar Winner
Tom Hanks,Actor,Attended,Theater,California State University,1977,USA,NaN,NaN,2x Oscar Winner
Denzel Washington,Actor,Bachelor of Arts,Drama and Journalism,Fordham University,1977,USA,NaN,NaN,2x Oscar Winner
Viola Davis,Actress,Master of Fine Arts,Acting,Juilliard School,1993,USA,NaN,NaN,EGOT Winner
Cate Blanchett,Actress,Bachelor of Fine Arts,Fine Arts,National Institute of Dramatic Art,1992,Australia,NaN,NaN,2x Oscar Winner
Daniel Day-Lewis,Actor,Drama Training,Acting,Bristol Old Vic Theatre School,1979,UK,NaN,NaN,3x Oscar Winner
Frances McDormand,Actress,Master of Fine Arts,Acting,Yale School of Drama,1982,USA,11,NaN,3x Oscar Winner
Anthony Hopkins,Actor,Diploma,Acting,Royal Academy of Dramatic Art,1963,UK,NaN,NaN,2x Oscar Winner
Judi Dench,Actress,Drama Training,Acting,Central School of Speech and Drama,1957,UK,NaN,NaN,Oscar Winner
Helen Mirren,Actress,Attended,Teaching,New College of Speech and Drama,1965,UK,NaN,NaN,Oscar Winner
Jerry Seinfeld,Comedian,Bachelor of Arts,Communications and Theater,Queens College,1976,USA,NaN,NaN,Emmy Winner
Ellen DeGeneres,Comedian,Attended,Communication Studies,University of New Orleans,1976,USA,NaN,NaN,Emmy Winner
Steve Martin,Comedian,Bachelor of Arts,Theater,California State University Long Beach,1967,USA,NaN,NaN,Grammy Winner
Tina Fey,Comedian,Bachelor of Arts,Drama,University of Virginia,1992,USA,25,NaN,Emmy Winner
Amy Poehler,Comedian,Bachelor of Arts,Media and Communications,Boston College,1993,USA,NaN,NaN,Emmy Winner
Stephen Colbert,Comedian,Bachelor of Arts,Philosophy,Northwestern University,1986,USA,27,NaN,Emmy Winner
Jimmy Fallon,Comedian,Bachelor of Arts,Communications,College of Saint Rose,1995,USA,NaN,NaN,Emmy Winner
John Oliver,Comedian,Bachelor of Arts,English,University of Cambridge,1995,UK,4,NaN,Emmy Winner
Conan O'Brien,Comedian,Bachelor of Arts,History and Literature,Harvard University,1985,USA,5,Magna Cum Laude,Emmy Winner
Elizabeth Blackwell,Physician,Doctor of Medicine,Medicine,Geneva Medical College,1849,USA,NaN,NaN,First Woman MD in USA
Florence Nightingale,Nurse,Nursing Training,Nursing,Institute of Protestant Deaconesses,1851,Germany,NaN,NaN,Founder of Modern Nursing
Paul Farmer,Physician,Doctor of Medicine and PhD,Medicine and Anthropology,Harvard University,1990,USA,5,NaN,Partners in Health Founder
Atul Gawande,Surgeon,Doctor of Medicine,Medicine,Harvard Medical School,1995,USA,5,NaN,MacArthur Fellow
Sanjay Gupta,Neurosurgeon,Doctor of Medicine,Medicine,University of Michigan,1993,USA,24,NaN,Emmy Winner
Ben Carson,Neurosurgeon,Doctor of Medicine,Medicine,University of Michigan,1977,USA,24,NaN,Presidential Medal of Freedom
Oliver Sacks,Neurologist,Doctor of Medicine,Medicine,University of Oxford,1960,UK,4,NaN,Author and Physician
Anthony Fauci,Immunologist,Doctor of Medicine,Medicine,Cornell University,1966,USA,21,NaN,Presidential Medal of Freedom
Francis Collins,Geneticist,Doctor of Medicine and PhD,Medicine and Physical Chemistry,University of North Carolina,1977,USA,29,NaN,Human Genome Project Leader
Robert Gallo,Virologist,Doctor of Medicine,Medicine,Jefferson Medical College,1963,USA,NaN,NaN,HIV Co-Discoverer
Sara Blakely,Entrepreneur,Bachelor of Arts,Communications,Florida State University,1993,USA,NaN,NaN,Spanx Founder
Arianna Huffington,Entrepreneur,Master of Arts,Economics,University of Cambridge,1972,UK,4,NaN,HuffPost Founder
Martha Stewart,Entrepreneur,Bachelor of Arts,Art History and Architectural History,Barnard College,1963,USA,NaN,NaN,Lifestyle Mogul
Meg Whitman,Tech Executive,Master of Business Administration,Business,Harvard Business School,1979,USA,2,NaN,eBay Former CEO
Jack Dorsey,Tech Entrepreneur,Dropped Out,Computer Science,Missouri University of Science,1997,USA,NaN,NaN,Twitter Founder
Stewart Butterfield,Tech Entrepreneur,Master of Arts,Philosophy,University of Cambridge,1998,UK,4,NaN,Slack Founder
Venus Williams,Athlete,Bachelor of Science,Business Administration,Indiana University East,2015,USA,NaN,NaN,7x Grand Slam Champion
Shaquille O'Neal,Athlete,Doctorate in Education,Education,Barry University,2012,USA,NaN,NaN,4x NBA Champion
Stephen Curry,Athlete,Bachelor of Arts,Sociology,Davidson College,2022,USA,NaN,NaN,4x NBA Champion
Russell Wilson,Athlete,Bachelor of Arts,Communications,North Carolina State University,2010,USA,NaN,3.7,Super Bowl Champion
Andrew Luck,Athlete,Bachelor of Science,Architectural Design,Stanford University,2012,USA,3,3.5,NFL MVP
Jeremy Lin,Athlete,Bachelor of Arts,Economics,Harvard University,2010,USA,5,3.1,Linsanity
Kareem Abdul-Jabbar,Athlete,Bachelor of Arts,History,University of California Los Angeles,1969,USA,14,NaN,6x NBA Champion
Magic Johnson,Athlete,Bachelor of Arts,Communications,Michigan State University,1979,USA,NaN,NaN,5x NBA Champion
David Robinson,Athlete,Bachelor of Science,Mathematics,United States Naval Academy,1987,USA,NaN,NaN,2x NBA Champion
Tim Duncan,Athlete,Bachelor of Arts,Psychology,Wake Forest University,1997,USA,NaN,NaN,5x NBA Champion
Ruth Bader Ginsburg,Supreme Court Justice,Bachelor of Arts,Government,Cornell University,1954,USA,21,NaN,Supreme Court Justice
Sonia Sotomayor,Supreme Court Justice,Juris Doctor,Law,Yale Law School,1979,USA,11,NaN,Supreme Court Justice
Elena Kagan,Supreme Court Justice,Juris Doctor,Law,Harvard Law School,1986,USA,5,Magna Cum Laude,Supreme Court Justice
Thurgood Marshall,Supreme Court Justice,Bachelor of Arts,Pre-Law,Lincoln University,1930,USA,NaN,Cum Laude,First Black Justice
Sandra Day O'Connor,Supreme Court Justice,Bachelor of Arts,Economics,Stanford University,1950,USA,3,Magna Cum Laude,First Female Justice
Clarence Thomas,Supreme Court Justice,Juris Doctor,Law,Yale Law School,1974,USA,11,NaN,Supreme Court Justice
John Roberts,Chief Justice,Juris Doctor,Law,Harvard Law School,1979,USA,5,Magna Cum Laude,Chief Justice USA
Amy Coney Barrett,Supreme Court Justice,Juris Doctor,Law,University of Notre Dame,1997,USA,227,Summa Cum Laude,Supreme Court Justice
Brett Kavanaugh,Supreme Court Justice,Juris Doctor,Law,Yale Law School,1990,USA,11,NaN,Supreme Court Justice
Neil Gorsuch,Supreme Court Justice,Juris Doctor,Law,Harvard Law School,1991,USA,5,NaN,Supreme Court Justice
Noam Chomsky,Linguist,Doctor of Philosophy,Linguistics,University of Pennsylvania,1955,USA,13,NaN,Father of Modern Linguistics
Michel Foucault,Philosopher,Agrégation,Philosophy,École Normale Supérieure,1951,France,NaN,NaN,Postmodern Philosopher
Judith Butler,Philosopher,Doctor of Philosophy,Philosophy,Yale University,1984,USA,11,NaN,Gender Theory Pioneer
Cornel West,Philosopher,Doctor of Philosophy,Philosophy,Princeton University,1980,USA,16,NaN,Public Intellectual
Martha Nussbaum,Philosopher,Doctor of Philosophy,Philosophy,Harvard University,1975,USA,5,NaN,Capabilities Approach
Sigmund Freud,Psychologist,Doctor of Medicine,Medicine,University of Vienna,1881,Austria,134,NaN,Father of Psychoanalysis
Carl Jung,Psychologist,Doctor of Medicine,Medicine,University of Basel,1902,Switzerland,NaN,NaN,Analytical Psychology Founder
B F Skinner,Psychologist,Doctor of Philosophy,Psychology,Harvard University,1931,USA,5,NaN,Behaviorism Pioneer
Jean Piaget,Psychologist,Doctor of Philosophy,Natural Sciences,University of Neuchâtel,1918,Switzerland,NaN,NaN,Developmental Psychology
Erik Erikson,Psychologist,No Formal Degree,Psychoanalysis,Vienna Psychoanalytic Institute,1933,Austria,NaN,NaN,Identity Crisis Theory
Carol Dweck,Psychologist,Doctor of Philosophy,Psychology,Yale University,1972,USA,11,NaN,Growth Mindset Theory
Daniel Kahneman,Psychologist,Doctor of Philosophy,Psychology,University of California Berkeley,1961,USA,10,NaN,Nobel Prize in Economics 2002
Angela Duckworth,Psychologist,Doctor of Philosophy,Psychology,University of Pennsylvania,2006,USA,13,NaN,Grit Theory Author
Martin Seligman,Psychologist,Doctor of Philosophy,Psychology,University of Pennsylvania,1967,USA,13,NaN,Positive Psychology Founder
Steven Pinker,Psychologist,Doctor of Philosophy,Experimental Psychology,Harvard University,1979,USA,5,NaN,Language Instinct Author
Alicia Keys,Musician,Attended,Professional Performance Arts,Columbia University,1998,USA,19,NaN,15x Grammy Winner
Rashida Jones,Actress,Bachelor of Arts,Comparative Religion,Harvard University,1997,USA,5,NaN,Emmy Nominee
Brooke Shields,Actress,Bachelor of Arts,French Literature,Princeton University,1987,USA,16,NaN,Golden Globe Nominee
Lupita Nyong'o,Actress,Master of Fine Arts,Acting,Yale School of Drama,2012,USA,11,NaN,Oscar Winner
James Franco,Actor,Master of Fine Arts,Multiple Disciplines,Various Universities,2010,USA,NaN,NaN,Golden Globe Winner
Jodie Foster,Actress,Bachelor of Arts,Literature,Yale University,1985,USA,11,Magna Cum Laude,2x Oscar Winner
David Duchovny,Actor,Master of Arts,English Literature,Yale University,1986,USA,11,NaN,Golden Globe Winner
Ashley Judd,Actress,Master of Public Administration,Public Administration,Harvard Kennedy School,2010,USA,5,NaN,Emmy Nominee
Evan Williams,Tech Entrepreneur,Attended,Computer Science,University of Nebraska,1993,USA,NaN,NaN,Twitter Co-founder
Biz Stone,Tech Entrepreneur,Bachelor of Arts,Fine Arts,Northeastern University,1999,USA,NaN,NaN,Twitter Co-founder
Jan Koum,Tech Entrepreneur,Dropped Out,Computer Science and Mathematics,San Jose State University,1997,USA,NaN,NaN,WhatsApp Co-founder
Brian Acton,Tech Entrepreneur,Bachelor of Science,Computer Science,Stanford University,1994,USA,3,NaN,WhatsApp Co-founder
Jan Ullrich,Tech Entrepreneur,Bachelor of Science,Computer Science,University of Michigan,1991,USA,24,NaN,Box CEO
Chad Hurley,Tech Entrepreneur,Bachelor of Fine Arts,Fine Arts,Indiana University of Pennsylvania,1999,USA,NaN,NaN,YouTube Co-founder
Steve Chen,Tech Entrepreneur,Bachelor of Science,Computer Science,University of Illinois,2002,USA,65,NaN,YouTube Co-founder
Jawed Karim,Tech Entrepreneur,Bachelor of Science,Computer Science,University of Illinois,2004,USA,65,NaN,YouTube Co-founder
Max Levchin,Tech Entrepreneur,Bachelor of Science,Computer Science,University of Illinois,1997,USA,65,NaN,PayPal Co-founder
Luke Nosek,Tech Entrepreneur,Bachelor of Science,Computer Science,University of Illinois,1996,USA,65,NaN,PayPal Co-founder
Madeleine Albright,Diplomat,Doctor of Philosophy,Public Law and Government,Columbia University,1976,USA,19,NaN,First Female Secretary of State
Condoleezza Rice,Diplomat,Doctor of Philosophy,Political Science,University of Denver,1981,USA,NaN,NaN,Secretary of State
Henry Kissinger,Diplomat,Doctor of Philosophy,Government,Harvard University,1954,USA,5,Summa Cum Laude,Nobel Peace Prize 1973
Colin Powell,Military Leader,Master of Business Administration,Business,George Washington University,1971,USA,NaN,NaN,Secretary of State
John McCain,Politician,Bachelor of Science,Naval Sciences,United States Naval Academy,1958,USA,NaN,NaN,POW and Senator
Elizabeth Warren,Politician,Juris Doctor,Law,Rutgers Law School,1976,USA,NaN,NaN,US Senator
Bernie Sanders,Politician,Bachelor of Arts,Political Science,University of Chicago,1964,USA,10,NaN,US Senator
Alexandria Ocasio-Cortez,Politician,Bachelor of Arts,Economics and International Relations,Boston University,2011,USA,43,Cum Laude,US Representative
Pete Buttigieg,Politician,Bachelor of Arts,History and Literature,Harvard University,2004,USA,5,Magna Cum Laude,Rhodes Scholar
Tulsi Gabbard,Politician,Bachelor of Science,Business Administration,Hawaii Pacific University,2009,USA,NaN,3.8,US Representative
Tu Youyou,Pharmaceutical Chemist,Bachelor's Degree,Pharmacy,Beijing Medical College,1955,China,NaN,NaN,Nobel Prize in Medicine 2015
Yoshinori Ohsumi,Cell Biologist,Doctor of Science,Biology,University of Tokyo,1974,Japan,26,NaN,Nobel Prize in Medicine 2016
Katalin Karikó,Biochemist,Doctor of Philosophy,Biochemistry,University of Szeged,1982,Hungary,NaN,NaN,mRNA Vaccine Pioneer
Drew Weissman,Immunologist,Doctor of Medicine and PhD,Medicine and Immunology,Boston University,1987,USA,43,NaN,Nobel Prize in Medicine 2023
Robert Langer,Chemical Engineer,Doctor of Philosophy,Chemical Engineering,Massachusetts Institute of Technology,1974,USA,1,NaN,Most Cited Engineer
George Church,Geneticist,Doctor of Philosophy,Biochemistry,Harvard University,1984,USA,5,NaN,CRISPR Pioneer
Feng Zhang,Neuroscientist,Doctor of Philosophy,Chemistry,Stanford University,2009,USA,3,NaN,CRISPR Pioneer
David Liu,Chemist,Doctor of Philosophy,Chemistry,University of California Berkeley,1999,USA,10,NaN,Base Editing Pioneer
Demis Hassabis,AI Researcher,Doctor of Philosophy,Cognitive Neuroscience,University College London,2009,UK,9,NaN,DeepMind Founder
Geoffrey Hinton,Computer Scientist,Doctor of Philosophy,Artificial Intelligence,University of Edinburgh,1978,UK,NaN,NaN,Godfather of AI
Yann LeCun,Computer Scientist,Doctor of Philosophy,Computer Science,Pierre and Marie Curie University,1987,France,NaN,NaN,Deep Learning Pioneer
Yoshua Bengio,Computer Scientist,Doctor of Philosophy,Computer Science,McGill University,1991,Canada,31,NaN,Turing Award 2018
Andrew Ng,Computer Scientist,Doctor of Philosophy,Computer Science,University of California Berkeley,2002,USA,10,NaN,AI Education Pioneer
Fei-Fei Li,Computer Scientist,Doctor of Philosophy,Electrical Engineering,California Institute of Technology,2005,USA,7,NaN,ImageNet Creator
Daphne Koller,Computer Scientist,Doctor of Philosophy,Computer Science,Stanford University,1993,USA,3,NaN,Coursera Co-founder
Barbara Walters,Journalist,Bachelor of Arts,English,Sarah Lawrence College,1951,USA,NaN,NaN,Emmy Winner
Dan Rather,Journalist,Bachelor of Arts,Journalism,Sam Houston State University,1953,USA,NaN,NaN,Peabody Award
Tom Brokaw,Journalist,Bachelor of Arts,Political Science,University of South Dakota,1964,USA,NaN,NaN,Emmy Winner
Diane Sawyer,Journalist,Bachelor of Arts,English,Wellesley College,1967,USA,NaN,NaN,Emmy Winner
Peter Jennings,Journalist,High School Graduate,NaN,Trinity College School,1959,Canada,NaN,NaN,Emmy Winner
Nate Silver,Statistician,Bachelor of Arts,Economics,University of Chicago,2000,USA,10,NaN,FiveThirtyEight Founder
Yuval Noah Harari,Historian,Doctor of Philosophy,History,University of Oxford,2002,UK,4,NaN,Sapiens Author
Jared Diamond,Geographer,Doctor of Philosophy,Physiology,University of Cambridge,1961,UK,4,NaN,Pulitzer Prize Winner
Doris Kearns Goodwin,Historian,Doctor of Philosophy,Government,Harvard University,1968,USA,5,NaN,Pulitzer Prize Winner
David Attenborough,Broadcaster,Bachelor of Arts,Natural Sciences,University of Cambridge,1947,UK,4,NaN,Nature Documentary Icon
Brian Cox,Physicist,Doctor of Philosophy,Particle Physics,University of Manchester,1998,UK,27,NaN,Science Communicator
Neil Tyson,Astrophysicist,Doctor of Philosophy,Astrophysics,Columbia University,1991,USA,19,NaN,Science Communicator
Brian Greene,Physicist,Doctor of Philosophy,Physics,University of Oxford,1987,UK,4,NaN,String Theory Expert
Lisa Randall,Physicist,Doctor of Philosophy,Physics,Harvard University,1987,USA,5,NaN,Theoretical Physics
Michio Kaku,Physicist,Doctor of Philosophy,Physics,University of California Berkeley,1972,USA,10,NaN,Futurist Author
Lawrence Krauss,Physicist,Doctor of Philosophy,Physics,Massachusetts Institute of Technology,1982,USA,1,NaN,Cosmologist
Kip Thorne,Physicist,Doctor of Philosophy,Physics,Princeton University,1965,USA,16,NaN,Nobel Prize in Physics 2017
Roger Penrose,Mathematician,Doctor of Philosophy,Mathematics,University of Cambridge,1958,UK,4,NaN,Nobel Prize in Physics 2020
Andrea Ghez,Astronomer,Doctor of Philosophy,Physics,California Institute of Technology,1992,USA,7,NaN,Nobel Prize in Physics 2020
Reinhard Genzel,Astrophysicist,Doctor of Philosophy,Physics,University of Bonn,1978,Germany,NaN,NaN,Nobel Prize in Physics 2020
Donna Strickland,Physicist,Doctor of Philosophy,Physics,University of Rochester,1989,USA,NaN,NaN,Nobel Prize in Physics 2018
Rainer Weiss,Physicist,Doctor of Philosophy,Physics,Massachusetts Institute of Technology,1962,USA,1,NaN,Nobel Prize in Physics 2017
Barry Barish,Physicist,Doctor of Philosophy,Physics,University of California Berkeley,1962,USA,10,NaN,Nobel Prize in Physics 2017
Adam Riess,Astrophysicist,Doctor of Philosophy,Astrophysics,Harvard University,1996,USA,5,NaN,Nobel Prize in Physics 2011
Saul Perlmutter,Astrophysicist,Doctor of Philosophy,Physics,University of California Berkeley,1986,USA,10,NaN,Nobel Prize in Physics 2011
Brian Schmidt,Astrophysicist,Doctor of Philosophy,Astronomy,Harvard University,1993,USA,5,NaN,Nobel Prize in Physics 2011
Takaaki Kajita,Physicist,Doctor of Science,Physics,University of Tokyo,1986,Japan,26,NaN,Nobel Prize in Physics 2015
Arthur McDonald,Physicist,Doctor of Philosophy,Physics,California Institute of Technology,1969,USA,7,NaN,Nobel Prize in Physics 2015
François Englert,Physicist,Doctor of Philosophy,Physics,Université Libre de Bruxelles,1959,Belgium,NaN,NaN,Nobel Prize in Physics 2013
Peter Higgs,Physicist,Doctor of Philosophy,Physics,King's College London,1954,UK,35,NaN,Nobel Prize in Physics 2013
Serge Haroche,Physicist,Doctor of Philosophy,Physics,Université Paris VI,1971,France,NaN,NaN,Nobel Prize in Physics 2012
David Wineland,Physicist,Doctor of Philosophy,Physics,Harvard University,1970,USA,5,NaN,Nobel Prize in Physics 2012
Andre Geim,Physicist,Doctor of Philosophy,Physics,Institute for Solid State Physics,1987,Russia,NaN,NaN,Nobel Prize in Physics 2010
Konstantin Novoselov,Physicist,Doctor of Philosophy,Physics,Radboud University,2004,Netherlands,NaN,NaN,Nobel Prize in Physics 2010
Charles Kao,Physicist,Doctor of Philosophy,Electrical Engineering,Imperial College London,1965,UK,73,NaN,Nobel Prize in Physics 2009
Willard Boyle,Physicist,Doctor of Philosophy,Physics,McGill University,1950,Canada,31,NaN,Nobel Prize in Physics 2009
George Smith,Physicist,Doctor of Philosophy,Physics,University of Chicago,1959,USA,10,NaN,Nobel Prize in Physics 2009
Yoichiro Nambu,Physicist,Doctor of Science,Physics,University of Tokyo,1952,Japan,26,NaN,Nobel Prize in Physics 2008
Makoto Kobayashi,Physicist,Doctor of Science,Physics,Nagoya University,1972,Japan,NaN,NaN,Nobel Prize in Physics 2008
Toshihide Maskawa,Physicist,Doctor of Science,Physics,Nagoya University,1967,Japan,NaN,NaN,Nobel Prize in Physics 2008
Albert Fert,Physicist,Doctor of Philosophy,Physics,Université Paris-Sud,1970,France,NaN,NaN,Nobel Prize in Physics 2007
Peter Grünberg,Physicist,Doctor of Philosophy,Physics,Technische Universität Darmstadt,1969,Germany,NaN,NaN,Nobel Prize in Physics 2007
John Mather,Astrophysicist,Doctor of Philosophy,Physics,University of California Berkeley,1974,USA,10,NaN,Nobel Prize in Physics 2006
George Smoot,Astrophysicist,Doctor of Philosophy,Physics,Massachusetts Institute of Technology,1970,USA,1,NaN,Nobel Prize in Physics 2006
Roy Glauber,Physicist,Doctor of Philosophy,Physics,Harvard University,1949,USA,5,NaN,Nobel Prize in Physics 2005
John Hall,Physicist,Doctor of Philosophy,Physics,Carnegie Institute of Technology,1961,USA,NaN,NaN,Nobel Prize in Physics 2005
Theodor Hänsch,Physicist,Doctor of Philosophy,Physics,Heidelberg University,1969,Germany,NaN,NaN,Nobel Prize in Physics 2005
David Gross,Physicist,Doctor of Philosophy,Physics,University of California Berkeley,1966,USA,10,NaN,Nobel Prize in Physics 2004
Ratan Tata,Business Leader,Bachelor of Science,Architecture,Cornell University,1962,USA,21,NaN,Tata Group Chairman
N R Narayana Murthy,Tech Entrepreneur,Master of Technology,Electrical Engineering,Indian Institute of Technology Kanpur,1969,India,NaN,NaN,Infosys Founder
Azim Premji,Business Leader,Bachelor of Engineering,Electrical Engineering,Stanford University,1966,USA,3,NaN,Wipro Chairman
Kiran Mazumdar-Shaw,Entrepreneur,Master of Science,Malting and Brewing,Ballarat University,1975,Australia,NaN,NaN,Biocon Founder
Jack Welch,Business Executive,Doctor of Philosophy,Chemical Engineering,University of Illinois,1960,USA,65,NaN,GE CEO
Anne Hathaway,Actress,Attended,English,Vassar College,2004,USA,NaN,NaN,Oscar Winner
Matt Damon,Actor,Attended,English,Harvard University,1992,USA,5,NaN,Oscar Winner
Conan Gray,Musician,Bachelor of Arts,Media Studies,University of California Los Angeles,2019,USA,14,NaN,Music Artist
John Williams,Composer,Music Studies,Music Composition,Juilliard School,1955,USA,NaN,NaN,5x Oscar Winner
Hans Zimmer,Composer,Self-Taught,Music,Music Training,NaN,Germany,NaN,NaN,2x Oscar Winner
Quincy Jones,Music Producer,Music Studies,Music,Berklee College of Music,1951,USA,NaN,NaN,28x Grammy Winner
David Bowie,Musician,Art School,Commercial Art,Bromley Technical High School,1963,UK,NaN,NaN,Music Icon
Prince,Musician,High School Graduate,NaN,Central High School,1976,USA,NaN,NaN,7x Grammy Winner
Freddie Mercury,Musician,Diploma,Art and Graphic Design,Ealing Art College,1969,UK,NaN,NaN,Queen Frontman
Bruce Springsteen,Musician,Attended,NaN,Ocean County College,1967,USA,NaN,NaN,20x Grammy Winner
Bob Dylan,Musician,Attended,Music,University of Minnesota,1960,USA,NaN,NaN,Nobel Prize in Literature 2016
Aretha Franklin,Musician,Honorary Doctorate,Music,Multiple Universities,NaN,USA,NaN,NaN,18x Grammy Winner
Elton John,Musician,Music Studies,Music,Royal Academy of Music,1964,UK,NaN,NaN,5x Grammy Winner
Billie Eilish,Musician,Home-Schooled,NaN,Home Education,2018,USA,NaN,NaN,9x Grammy Winner
Ed Sheeran,Musician,Dropped Out,Music,Academy of Contemporary Music,2009,UK,NaN,NaN,4x Grammy Winner
Adele,Musician,Diploma,Performing Arts,BRIT School,2006,UK,NaN,NaN,16x Grammy Winner
Sam Smith,Musician,Youth Music Theatre,Performing Arts,Youth Music Theatre UK,2007,UK,NaN,NaN,4x Grammy Winner
Dua Lipa,Musician,Theatre School,Performing Arts,Sylvia Young Theatre School,2013,UK,NaN,NaN,6x Grammy Winner